"cases","vax","vax_last_month","vax_last2monthMean","immune","immune_last_month","immune_last2monthMean","cases_last_month","case_rate_last_month","case_rate_last2monthMean","month","dogs","humans","dog_density","human_density","incidence","log_case_rate_last2monthMean","log_human_density","log_dog_density"
4,0.219296099336209,NA,NA,0.147050369716885,NA,NA,NA,NA,NA,1,42931.2418178654,175016.638622406,17.9929764534222,73.3514830772867,9.31722407884191e-05,NA,4.2952627235705,2.88998148471739
0,0.208101054864018,0.219296099336209,NA,0.135737392089644,0.147050369716885,NA,4,9.31722407884191e-05,NA,2,43046.9292556535,175479.820879839,18.0414623871138,73.5456080804019,0,NA,4.29790573187775,2.89267257493624
1,0.197484558929348,0.208101054864018,0.213698577100114,0.125295185954517,0.135737392089644,0.141393880903264,0,0,4.65861203942096e-05,3,43162.9488930668,175944.319851484,18.0900875494832,73.7402849335639,2.31680185354673e-05,-9.91311950575719,4.30054925682842,2.89536413905736
3,0.187414530093577,0.197484558929348,0.202792806896683,0.115656520126192,0.125295185954517,0.130516289022081,1,2.31680185354673e-05,1.15840092677336e-05,4,43279.3017448093,176410.139551235,18.1388523658044,73.9355153190425,6.93171996556022e-05,-11.1400797552082,4.30319329869421,2.89805617729449
2,0.177861329215192,0.187414530093577,0.192449544511463,0.106759444593224,0.115656520126192,0.120475853040354,3,6.93171996556022e-05,4.62426090955347e-05,5,43395.9888288794,176877.284006107,18.1877572627324,74.1313009246048,4.60872088405791e-05,-9.92008039602304,4.30583785774714,2.90074868986163
0,0.168797385293644,0.177861329215192,0.182637929654384,0.0985468369392469,0.106759444593224,0.111207982359708,2,4.60872088405791e-05,5.77022042480906e-05,6,43513.0111665815,177345.757256274,18.2368026683074,74.3276434435349,0,-9.71060861935779,4.30848293425958,2.90344167697299
0,0.160196917845508,0.168797385293644,0.173329357254418,0.0909660040001837,0.0985468369392469,0.102653140766235,0,0,2.30436044202895e-05,7,43630.3697825378,177815.563355121,18.2859890119605,74.5245445746526,0,-10.558252898652,4.31112852850424,2.90613513884303
2,0.152035726692089,0.160196917845508,0.164497151569576,0.0839683257734629,0.0909660040001837,0.0947564204697153,0,0,0,8,43748.0657046988,178286.706369288,18.3353167245175,74.7220060223334,4.5716306944862e-05,-12.7389414859654,4.31377464075418,2.90882907568647
1,0.144291029167773,0.152035726692089,0.156116322268799,0.0775089333444655,0.0839683257734629,0.0874671648868233,2,4.5716306944862e-05,2.2858153472431e-05,9,43866.0999643557,178759.190378714,18.3847862382044,74.9200294965273,2.27966470876729e-05,-10.5654172159637,4.31642127128279,2.91152348771824
6,0.136941330966115,0.144291029167773,0.148163377929931,0.0715464153683551,0.0775089333444655,0.0807386295589642,1,2.27966470876729e-05,3.42564770162675e-05,10,43984.4735961514,179233.01947669,18.4343979866519,75.1186167127785,0.000136411772369716,-10.1994418551929,4.31906842036383,2.91421837515353
1,0.129966321084436,0.136941330966115,0.140616180066944,0.0660425492865586,0.0715464153683551,0.0745276743564103,6,0.000136411772369716,7.96042097286945e-05,11,44103.1876380922,179708.197769898,18.4841524049003,75.3177693922454,2.26740980313245e-05,-9.40224202844158,4.32171608827136,2.91691373820776
5,0.123346784241056,0.129966321084436,0.133453826025276,0.0609620544480513,0.0660425492865586,0.0687944823274569,1,2.26740980313245e-05,7.95429352005203e-05,12,44222.2431315593,180184.729378463,18.5340499294046,75.5174892617195,0.000113065273173168,-9.4029846765176,4.32436427527981,2.91960957709659
7,0.117064526145786,0.123346784241056,0.126656552662746,0.0562723649211948,0.0609620544480513,0.063502301867305,5,0.000113065273173168,6.78696856022462e-05,13,44341.6411213205,180662.618435998,18.5840909980388,75.7177780536455,0.000157865153904605,-9.55559111444037,4.32701298166395,2.92230589203591
15,0.111102308389807,0.117064526145786,0.120205655193421,0.0519434201794108,0.0562723649211948,0.058617209684623,7,0.000157865153904605,0.000135465213538886,14,44461.3826555418,181141.869089653,18.6342760501013,75.9186375061411,0.000337371424460871,-8.88536390627064,4.32966220769887,2.92500268324185
7,0.105443790679782,0.111102308389807,0.114083417267796,0.0479474721134439,0.0519434201794108,0.0541078925503028,15,0.000337371424460871,0.000247618289182738,15,44581.4687857995,181622.485500158,18.68460552632,76.1200693630169,0.000157015912455305,-8.29184054969288,4.33231195366002,2.92769995093081
4,0.10007347880583,0.105443790679782,0.108273049534794,0.0442589070160601,0.0479474721134439,0.0499454461464273,7,0.000157015912455305,0.000247193668458088,16,44701.9005670913,182104.471841877,18.7350798688564,76.3220753737958,8.9481654007005e-05,-8.29353672231833,4.33496221982319,2.93039769531937
8,0.0949766771947022,0.10007347880583,0.102758634742806,0.0408540813314801,0.0442589070160601,0.046103189564752,4,8.9481654007005e-05,0.000123248783231155,17,44822.6790578486,182587.832302849,18.7856995213112,76.5246572937339,0.000178481076280048,-8.97777433515251,4.33761300646449,2.93309591662439
20,0.092636023493613,0.0949766771947022,0.0975250780002661,0.0404253074168901,0.0408540813314801,0.0425564941737701,8,0.000178481076280048,0.000133981365143527,18,44943.8053199483,183072.571084841,18.8364649287294,76.7278168838397,0.000445000147575911,-8.89614325815758,4.3402643138604,2.93579461506296
31,0.110912984751055,0.092636023493613,0.0938063503441576,0.0623391137821078,0.0404253074168901,0.0406396943741851,20,0.000445000147575911,0.00031174061192798,19,45065.2804187244,183558.692403395,18.8873765376045,76.9315559108948,0.000687890981970227,-8.06396954375651,4.3429161422877,2.93849379085239
39,0.160878957385221,0.110912984751055,0.101774504122334,0.117749368001854,0.0623391137821078,0.051382210599499,31,0.000687890981970227,0.000566445564773069,20,45187.1054229804,184046.200487873,18.9384347958845,77.135876147474,0.000863078075812444,-7.4709622297898,4.34556849202355,2.94119344421023
24,0.152518727239648,0.160878957385221,0.135895971068138,0.108592614160524,0.117749368001854,0.0900442408919809,39,0.000863078075812444,0.000775484528891336,21,45309.2814050008,184535.099581509,18.989640152976,77.3407793719654,0.000529692797055729,-7.1582454606286,4.34822136334541,2.94389357535429
15,0.144644889393734,0.152518727239648,0.156698842312434,0.100186405405789,0.108592614160524,0.113170991081189,24,0.000529692797055729,0.000696385436434087,22,45431.8094405634,185025.393941458,19.0409930597499,77.546267368591,0.000330165146066302,-7.26540208028825,4.35087475653111,2.94659418450259
43,0.137208392835186,0.144644889393734,0.148581808316691,0.0924504027048693,0.100186405405789,0.104389509783157,15,0.000330165146066302,0.000429928971561015,23,45554.6906089513,185517.087838841,19.0924939685462,77.7523419274269,0.000943920360893653,-7.74508797097596,4.35352867185879,2.94929527187338
47,0.130173627912136,0.137208392835186,0.14092664111446,0.0853221218811769,0.0924504027048693,0.0963184040553292,43,0.000943920360893653,0.000637042753479978,24,45677.925992965,186010.185558796,19.1441433331789,77.9590048444243,0.00102894338957593,-7.3540777769885,4.35618310960694,2.95199683768518
41,0.123512146257879,0.130173627912136,0.133691010373661,0.0787491349737072,0.0853221218811769,0.0888862622930231,47,0.00102894338957593,0.000986431875234793,25,45801.5166789346,186504.691400531,19.1959416089416,78.1662579214295,0.000895166862866292,-6.9184457498664,4.3588380700544,2.9546988821567
39,0.117199907850124,0.123512146257879,0.126842887085007,0.0726856600776355,0.0787491349737072,0.082035628427442,41,0.000895166862866292,0.000962055126221113,26,45925.4637567319,187000.609677366,19.2478892526119,78.3741029662052,0.000849202094214742,-6.94339310942798,4.36149355348032,2.95740140550691
33,0.111215862045044,0.117199907850124,0.120356027054002,0.0670908118739579,0.0726856600776355,0.0757173975256713,39,0.000849202094214742,0.000872184478540517,27,46049.7683197829,187497.944716787,19.2999867224572,78.5825417924505,0.000716615983186679,-7.04115059809987,4.36414956016419,2.96010440795502
39,0.105541133916725,0.111215862045044,0.114207884947584,0.0619275967503283,0.0670908118739579,0.0698882359757967,33,0.000716615983186679,0.000782909038700711,28,46174.4314650797,187996.700860497,19.3522344782396,78.7915762198226,0.000844623285280611,-7.14875272606463,4.36680609038587,2.96280788972045
28,0.100158521588215,0.105541133916725,0.108378497980885,0.0571622798729381,0.0619275967503283,0.0645092043121431,39,0.000844623285280611,0.000780619634233645,29,46299.4542931929,188496.882464461,19.4046329812208,79.0012080739568,0.00060475874775303,-7.15167028591148,4.3694631444255,2.96551185102288
35,0.334035608846901,0.100158521588215,0.10284982775247,0.303175517228701,0.0571622798729381,0.0595449383116332,28,0.00060475874775303,0.000724691016516821,30,46424.8379082845,188998.493898961,19.4571826941679,79.2114391864884,0.000753906778719291,-7.22572391348475,4.3721207225636,2.9682162920822
38,0.331083492027585,0.334035608846901,0.217097065217558,0.294978242765745,0.303175517228701,0.18016889855082,35,0.000753906778719291,0.000679332763236161,31,46550.5834181196,189501.539548644,19.5098840813578,79.422271395073,0.000816316299597841,-7.29008895770978,4.37477882508101,2.97092121311854
19,0.313628954034317,0.331083492027585,0.332559550437243,0.271945423963352,0.294978242765745,0.299076879997223,38,0.000816316299597841,0.000785111539158566,32,46676.6919340793,190006.023812572,19.5627376085831,79.6337065434083,0.00040705541058551,-7.14595392535609,4.37743745225889,2.97362661435226
24,0.29726469894964,0.313628954034317,0.322356223030951,0.250837515467432,0.271945423963352,0.283461833364548,19,0.00040705541058551,0.000611685855091675,33,46803.1645711731,190511.951104273,19.6157437431572,79.8457464812546,0.000512785838733265,-7.39450563682218,4.38009660437875,2.97633249600397
41,0.281862055199243,0.29726469894964,0.305446826491979,0.231435421372788,0.250837515467432,0.261391469715392,24,0.000512785838733265,0.000459920624659387,34,46930.0024480514,191019.325851794,19.6689029539193,80.0583930644567,0.000873641548290658,-7.67809625572056,4.38275628172243,2.97903885829449
20,0.267327908222541,0.281862055199243,0.289563377074442,0.213571101150694,0.231435421372788,0.24113646842011,41,0.000873641548290658,0.000693213693511961,35,47057.2066870183,191528.152497747,19.7222157112399,80.2716481549652,0.000425014602609581,-7.26994786372692,4.3854164845721,2.98174570144488
12,0.25359008988419,0.267327908222541,0.274594981710892,0.197106360093605,0.213571101150694,0.222503261261741,20,0.000425014602609581,0.00064932807545012,36,47184.778414044,192038.435499366,19.775682487026,80.4855136208574,0.000254319303880175,-7.33506321009751,4.38807721321027,2.98445302567643
13,0.240589837392068,0.25359008988419,0.260458999053366,0.181922530149266,0.197106360093605,0.20533873062215,12,0.000254319303880175,0.000339666953244878,37,47312.7187587778,192550.179328555,19.8293037547266,80.6999913363599,0.0002747675538639,-7.97894245625282,4.39073846791976,2.98716083121065
11,0.228277494059011,0.240589837392068,0.247089963638129,0.167914910123064,0.181922530149266,0.189514445121436,13,0.0002747675538639,0.000264543428872037,38,47441.0288545603,193063.38847194,19.8830799893379,80.9150831818691,0.000231866809502016,-8.22647315294326,4.39340024898376,2.98986911826931
10,0.21660988951204,0.228277494059011,0.234433665725539,0.154989536453229,0.167914910123064,0.174918720136165,11,0.000231866809502016,0.000253317181682958,39,47569.7098384369,193578.067430921,19.9370116674086,81.1307910439736,0.000210217805279104,-8.26935009851323,4.39606255668575,2.99257788707437
7,0.205548666021277,0.21660988951204,0.222443691785525,0.143061179524813,0.154989536453229,0.161452223288147,10,0.000210217805279104,0.00022104230739056,40,47698.7628511701,194094.220721725,19.9910992670453,81.3471168154756,0.000146754330334341,-8.40396763075854,4.39872539130957,2.99528713784806
12,0.195059170415433,0.205548666021277,0.211079277766658,0.132052016940193,0.143061179524813,0.149025357989021,7,0.000146754330334341,0.000178486067806722,41,47828.1890372527,194611.852875456,20.0453432679181,81.5640623954133,0.000250898063287602,-8.61469212552494,4.40138875313938,2.9979968708128
18,0.185109698937314,0.195059170415433,0.200303918218355,0.121890695726252,0.132052016940193,0.137556598232503,12,0.000250898063287602,0.000198826196810971,42,47957.9895449203,195130.96843815,20.0997441512659,81.7816296890822,0.000375328494184272,-8.50842776679216,4.40405264245966,3.00070708619127
19,0.175670969439433,0.185109698937314,0.190084434676373,0.112511626554379,0.121890695726252,0.126971356333222,18,0.000375328494184272,0.000313113278735937,43,48088.165526165,195651.571970825,20.1543023999015,81.9998206080575,0.00039510760687392,-8.05961686023465,4.40671705955524,3.00341778420637
31,0.263623406607122,0.175670969439433,0.180390334188373,0.210694633298574,0.112511626554379,0.117201161140316,19,0.00039510760687392,0.000385218050529096,44,48218.7181367477,196173.668049536,20.2090184982178,82.2186370702161,0.000642903859702043,-7.85411188228474,4.40938200471127,3.00612896508122
27,0.277459117854523,0.263623406607122,0.219647188023278,0.22533474038716,0.210694633298574,0.161603129926476,31,0.000642903859702043,0.000519005733287981,45,48349.6485362115,196697.261265425,20.2638929321926,82.4380809997589,0.000558432187563438,-7.55795729238817,4.41204747821323,3.00884062903918
18,0.262718949384126,0.277459117854523,0.270541262230823,0.207704372365738,0.22533474038716,0.218014686842867,27,0.000558432187563438,0.000600668023632741,46,48480.9578878949,197222.356224778,20.3189261893944,82.658154327233,0.000371279792813136,-7.41259449457935,4.41471348034692,3.01155277630381
11,0.248939354225327,0.262718949384126,0.270089033619324,0.191564447310153,0.207704372365738,0.216519556376449,18,0.000371279792813136,0.000464855990188287,47,48612.6473589449,197748.957549076,20.3741187589878,82.878858989554,0.000226278563246689,-7.66748983213279,4.41738001139848,3.01426540709895
17,0.235993046702369,0.248939354225327,0.255829151804726,0.176736842065499,0.191564447310153,0.199634409837946,11,0.000226278563246689,0.000298779178029913,48,48744.7181203298,198277.069875048,20.4294711317392,83.1001969300286,0.000348755735093888,-8.10603176514817,4.42004707165437,3.01697852164861
8,0.223791766207608,0.235993046702369,0.242466200463848,0.163088616089029,0.176736842065499,0.184150644687826,17,0.000348755735093888,0.000287517149170289,49,48877.1713468534,198806.697854727,20.4849838000224,83.3221700983769,0.000163675592910821,-8.14407311234102,4.42271466140138,3.01969212017706
9,0.212268922826905,0.223791766207608,0.229892406454988,0.150511944616308,0.163088616089029,0.169912729077264,8,0.000163675592910821,0.000256215664002354,50,49010.0082171673,199337.846155502,20.5406572578237,83.5447804507552,0.00018363596186559,-8.25810251822431,4.42538278092662,3.02240620290879
16,0.201371400710409,0.212268922826905,0.218030344517257,0.138914991156351,0.150511944616308,0.156800280352669,9,0.00018363596186559,0.000173655777388205,51,49143.229913785,199870.519460172,20.5964920007481,83.7680299497785,0.000325578925684571,-8.64167779411637,4.42805143051755,3.02512077006852
13,0.191055059824621,0.201371400710409,0.206820161768657,0.128217134994037,0.138914991156351,0.14471346788633,16,0.000325578925684571,0.000254607443775081,52,49276.8376230948,200404.722467001,20.6524885260247,83.9919205645437,0.00026381563077228,-8.2643275981591,4.43072061046193,3.02783582188118
9,0.181282046255014,0.191055059824621,0.196213230267515,0.118346249559337,0.128217134994037,0.133566063075194,13,0.00026381563077228,0.000294697278228426,53,49410.8325353737,200940.459889776,20.708647332512,84.2164542706522,0.000182146293397441,-8.11965316360452,4.43339032104785,3.03055135857193
12,0.172019093353004,0.181282046255014,0.186168553039817,0.10923703931693,0.118346249559337,0.123281692276687,9,0.000182146293397441,0.000222980962084861,54,49545.2158448005,201477.736457854,20.7649689207043,84.4416330502322,0.00024220300175076,-8.39534927469254,4.43606056256374,3.03326738036618
12,0.163236406695213,0.172019093353004,0.176650569804009,0.100829954917477,0.10923703931693,0.113791644438133,12,0.00024220300175076,0.000212174647574101,55,49679.9887494698,202016.556916224,20.8214537927367,84.6674588919632,0.00024154594842029,-8.44436455909355,4.43873133529834,3.03598388748953
8,0.226098229050597,0.163236406695213,0.167627750024109,0.173189348755709,0.100829954917477,0.105033497117204,12,0.00024154594842029,0.000241874475085525,56,49815.1524514051,202556.926025559,20.8781024523911,84.8939337910977,0.000160593707061401,-8.31503196158843,4.44140263954072,3.03870088016781
14,0.252802681629508,0.226098229050597,0.194667317872905,0.203145476748751,0.173189348755709,0.137009651836593,8,0.000160593707061401,0.000201069827740845,57,49950.7081565729,203098.848562272,20.9349154051018,85.1210597494852,0.00028027630671654,-8.49736888974767,4.44407447558027,3.04141835862711
6,0.239229443681994,0.252802681629508,0.239450455340052,0.187173854755859,0.203145476748751,0.18816741275223,14,0.00028027630671654,0.000220435006888971,58,50086.6570748961,203642.329318571,20.9918931579615,85.3488387755955,0.000119792382850148,-8.40668275593289,4.44674684370672,3.04413632309369
9,0.22659374194749,0.239229443681994,0.246016062655751,0.172590127668607,0.187173854755859,0.195159665752305,6,0.000119792382850148,0.000200034344783344,59,50223.0004202679,204187.373102516,21.0490362197267,85.5772728845415,0.00017920076309037,-8.50245760214529,4.44941974421009,3.04685477379407
21,0.214752605336772,0.22659374194749,0.232911592814742,0.159210034704021,0.172590127668607,0.179881991212233,9,0.00017920076309037,0.000149496572970259,60,50359.7394105659,204733.984738075,21.1063451008239,85.8063640981034,0.000416999774935174,-8.78879742873525,4.45209317738076,3.04957371095498
45,0.203611695589641,0.214752605336772,0.220673173642131,0.146903396440834,0.159210034704021,0.165900081186314,21,0.000416999774935174,0.000298100269012772,61,50496.8752676652,205282.169065177,21.1638203133551,86.0361144447514,0.000891144249252487,-8.10828447636159,4.4547671435094,3.05229313480338
15,0.193102335452308,0.203611695589641,0.209182150463207,0.135567947972825,0.146903396440834,0.153056715572428,45,0.000891144249252487,0.000654072012093831,62,50634.4092174531,205831.930939774,21.2214623711035,86.2665259596705,0.000296241236578498,-7.32781648477698,4.45744164288703,3.05501304556644
9,0.183171240529156,0.193102335452308,0.198357015520975,0.125118276670037,0.135567947972825,0.14123567220683,15,0.000296241236578498,0.000593692742915493,63,50772.3424898425,206383.275233893,21.27927178954,86.4976006847832,0.000177261862633195,-7.42421786595695,4.46011667580496,3.05773344347156
18,0.173775096984765,0.183171240529156,0.188136787990732,0.11548030674487,0.125118276670037,0.130343112321431,9,0.000177261862633195,0.000236751549605847,64,50910.6763187863,206936.206835694,21.3372490858283,86.7293406687737,0.00035356041800132,-8.33618022593418,4.46279224255486,3.06045432874636
30,0.164877408509303,0.173775096984765,0.17847316875696,0.106588265529275,0.11548030674487,0.120299291707454,18,0.00035356041800132,0.000265411140317258,65,51049.4119422912,207490.730649529,21.3953947788312,86.961747967112,0.000587665927159229,-8.22323435588553,4.46546834342869,3.06317570161868
29,0.210787576582347,0.164877408509303,0.169326252747034,0.157391689474659,0.106588265529275,0.111034286137073,30,0.000587665927159229,0.000470613172580275,66,51188.5506024322,208046.851595997,21.4537093891166,87.1948246420776,0.000566532938688483,-7.65525777089221,4.46814497871874,3.06589756231658
29,0.320500386432868,0.210787576582347,0.187832492545825,0.278554055965829,0.157391689474659,0.131989977501967,29,0.000566532938688483,0.000577099432923856,67,51328.093545366,208604.574612002,21.5121934389631,87.4285727627838,0.000564992735885827,-7.4524237892431,4.47082214871761,3.06861991106834
20,0.303058190580259,0.320500386432868,0.265643981507607,0.256528149855754,0.278554055965829,0.217972872720244,29,0.000564992735885827,0.000565762837287155,68,51468.0420213461,209163.904650811,21.5708474523664,87.6629944052017,0.000388590651878793,-7.47216202068969,4.47349985371824,3.07134274810247
22,0.286913583366306,0.303058190580259,0.311779288506564,0.236483091100834,0.256528149855754,0.267541102910791,20,0.000388590651878793,0.00047679169388231,69,51608.3972847366,209724.846682113,21.6296719550447,87.8980916521848,0.00042628721598581,-7.642294850538,4.47617809401387,3.07406607364768
14,0.271832202539315,0.286913583366306,0.294985886973283,0.218119376679937,0.236483091100834,0.246505620478294,22,0.00042628721598581,0.000407438933932302,70,51749.1605940264,210287.405692074,21.6886674744453,88.1338665934929,0.000270535789166328,-7.79844276957182,4.47885686989807,3.07678988793291
15,0.25767166405296,0.271832202539315,0.279372892952811,0.201242270228341,0.218119376679937,0.227301233890385,14,0.000270535789166328,0.000348411502576069,71,51890.3332118441,210851.586683399,21.7478345397503,88.370321325817,0.000289071182849452,-7.95373879051982,4.48153618166472,3.07951419118734
9,0.244332452571058,0.25767166405296,0.264751933296137,0.185704145704294,0.201242270228341,0.209680823454139,15,0.000289071182849452,0.00027980348600789,72,52031.9164049719,211417.394675389,21.8071736818826,88.6074579528034,0.000172970757601002,-8.17098960163945,4.48421602960802,3.08223898364032
13,0.231739502887739,0.244332452571058,0.251002058312009,0.171384135601047,0.185704145704294,0.193473207966318,9,0.000172970757601002,0.000231020970225227,73,52173.9114443604,211984.834703998,21.8666854335123,88.845278585079,0.000249166674303565,-8.3603793576296,4.48689641402248,3.08496426552146
9,0.219833143103702,0.231739502887739,0.238035977729398,0.158178683410669,0.171384135601047,0.17854414065267,13,0.000249166674303565,0.000211068715952284,74,52316.3196051428,212553.911821897,21.9263703290624,89.0837853402752,0.000172030449923226,-8.44951907656051,4.48957733520294,3.08769003706057
9,0.208564007879887,0.219833143103702,0.22578632299572,0.14599653759671,0.158178683410669,0.164781409505858,9,0.000172030449923226,0.000210598562113396,75,52459.1421666501,213124.631098525,21.9862289047151,89.3229803430534,0.000171562088671011,-8.45171843996453,4.49225879344455,3.09041629848768
6,0.197889954699124,0.208564007879887,0.214198575491794,0.134755866472153,0.14599653759671,0.15208761050369,9,0.000171562088671011,0.000171796269297118,76,52602.3804124251,213696.997620159,22.0462616984179,89.5628657251297,0.000114063279132188,-8.65226369256854,4.49494078904277,3.09314305003303
9,0.187774100197397,0.197889954699124,0.203226981289506,0.124382477512741,0.134755866472153,0.140376202034432,6,0.000114063279132188,0.0001428126839016,77,52746.0356302373,214271.016489965,22.1064692498899,89.8034436252996,0.000170628937179132,-8.83363641022789,4.49762332229338,3.0958702919271
8,0.327830249764643,0.187774100197397,0.19283202744826,0.277644488990929,0.124382477512741,0.129569171992447,9,0.000170628937179132,0.00014234610815566,78,52890.1091120979,214846.692828061,22.1668521006278,90.0447161894639,0.000151257014483453,-8.83684281083566,4.50030639349248,3.09859802440056
10,0.365700561857608,0.327830249764643,0.25780217498102,0.318636711313529,0.277644488990929,0.201013483251835,8,0.000151257014483453,0.000160942975831292,79,53034.6021542744,215424.031771578,22.2274107939121,90.2866855706529,0.000188556142476767,-8.716390935086,4.50299000293648,3.10132624768431
15,0.34576635172278,0.365700561857608,0.346765405811125,0.29341465504308,0.318636711313529,0.298140600152229,10,0.000188556142476767,0.00016990657848011,80,53179.5160573053,216003.038474719,22.2881458748136,90.5293539290524,0.000282063491962512,-8.66313746400784,4.50567415092209,3.10405496200946
5,0.327321469706919,0.34576635172278,0.355733456790194,0.270466655817667,0.29341465504308,0.306025683178304,15,0.000282063491962512,0.000235309817219639,81,53324.8521260152,216583.718108821,22.3490578901992,90.7727234320289,9.37649107433846e-05,-8.34221347384286,4.50835883774635,3.10678416760734
3,0.310098855539555,0.327321469706919,0.336543910714849,0.249451010296179,0.270466655817667,0.281940655430373,5,9.37649107433846e-05,0.000187914201352948,82,53470.6116695301,217166.075862414,22.4101473887385,91.016796254155,5.61055859719954e-05,-8.56402909143646,4.51104406370661,3.10951386470948
15,0.293932987545337,0.310098855539555,0.318710162623237,0.230141508051911,0.249451010296179,0.259958833056923,3,5.61055859719954e-05,7.493524835769e-05,83,53616.7960012916,217750.116941283,22.4714149209102,91.2615745772353,0.00027976308020417,-9.46047181436009,4.51372982910052,3.11224405354765
14,0.27870812264302,0.293932987545337,0.302015921542446,0.212366876191858,0.230141508051911,0.239796259174045,15,0.00027976308020417,0.000167934333088083,84,53763.4064390728,218335.84656853,22.5328610390079,91.5070605903312,0.000260400166716844,-8.674613804344,4.51641613422607,3.11497473435381
11,0.264337230108144,0.27870812264302,0.286320555094178,0.195987420407926,0.212366876191858,0.221254192121885,14,0.000260400166716844,0.000270081623460507,85,53910.4443049929,218923.269984635,22.5944862971471,91.7532564897882,0.000204042095030206,-8.20597936036951,4.51910297938153,3.11770590736014
9,0.250751360160914,0.264337230108144,0.271522676375582,0.180883851982628,0.195987420407926,0.204177148299892,11,0.000204042095030206,0.000232221130873525,86,54057.9109255327,219512.392447515,22.656291251271,92.0001644792601,0.00016648812071924,-8.35526260475977,4.52179036486549,3.12043757279905
7,0.237893635493891,0.250751360160914,0.257544295134529,0.166951311074199,0.180883851982628,0.188435636195277,9,0.00016648812071924,0.000185265107874723,87,54205.8076315496,220103.21923259,22.7182764591574,92.2477867697362,0.000129137454192745,-8.57800691554452,4.52447829097686,3.12316973090313
4,0.225715610967602,0.237893635493891,0.244322497827403,0.154095917560907,0.166951311074199,0.173917581528413,7,0.000129137454192745,0.000147812787455993,88,54354.1357582932,220695.755632846,22.7804424804246,92.4961255795666,7.35914561826087e-05,-8.79990509341974,4.52716675801485,3.12590238190522
9,0.214174961690784,0.225715610967602,0.231804623230747,0.142232647917026,0.154095917560907,0.160523614317553,4,7.35914561826087e-05,0.000101364455187677,89,54502.8966454204,221290.006958891,22.8427898765383,92.7451831344891,0.000165128838170773,-9.16824831328849,4.52985576627898,3.12863552603835
5,0.207572617666487,0.214174961690784,0.219945286329193,0.136556358494243,0.142232647917026,0.148164282738966,9,0.000165128838170773,0.000119360147176691,90,54652.0916370108,221885.978539024,22.9053192108176,92.9949616676546,9.14878067834821e-05,-9.00907651655766,4.53254531606909,3.13136916353575
7,0.331361586243909,0.207572617666487,0.210873789678636,0.27454617020487,0.136556358494243,0.139394503205635,5,9.14878067834821e-05,0.000128308322477128,91,54801.7220815824,222483.675719295,22.9680310484419,93.2454634196543,0.000127733212280797,-8.93846062856868,4.53523540768531,3.13410329463089
2,0.365719296902471,0.331361586243909,0.269467101955198,0.312502643491879,0.27454617020487,0.205551264349557,7,0.000127733212280797,0.00010961050953214,92,54951.7893321072,223083.103863569,23.0309259564573,93.4966906385453,3.63955391500135e-05,-9.09215649745595,4.53792604142809,3.13683791955743
2,0.3490204746102,0.365719296902471,0.34854044157319,0.291024159168587,0.312502643491879,0.293524406848374,2,3.63955391500135e-05,8.20643757154052e-05,93,55102.2947460261,223684.268353589,23.094004503783,93.7486455798781,3.62961290308919e-05,-9.37287142396572,4.54061721759819,3.13957303854926
10,0.330489571645613,0.3490204746102,0.357369885756336,0.268308346989156,0.291024159168587,0.301763401330233,2,3.62961290308919e-05,3.63458340904527e-05,94,55253.2396852655,224287.17458904,23.1572672612177,94.0013305067227,0.000180984862733157,-10.1447841791837,4.54330893649667,3.14230865184045
11,0.313154511908315,0.330489571645613,0.339755023127907,0.247482304930354,0.268308346989156,0.279666253078871,10,0.000180984862733157,0.000108640495882024,95,55404.6255162523,224891.827987612,23.2207148014469,94.2547476896951,0.000198539380015722,-9.10081274295843,4.54600119842489,3.14504475966531
6,0.296864361417002,0.313154511908315,0.321822041776964,0.228336243626221,0.247482304930354,0.257895325959755,11,0.000198539380015722,0.00018976212137444,96,55556.45360993,225498.233985066,23.2843476990486,94.508899406985,0.000107998254210517,-8.55439302859749,4.54869400368453,3.14778136225834
4,0.281510617621831,0.296864361417002,0.305009436662659,0.210706559333779,0.228336243626221,0.237909274278288,6,0.000107998254210517,0.00015326881711312,97,55708.7253417742,226106.398035295,23.3481665305005,94.7637879443819,7.18020377500995e-05,-8.76435148345935,4.55138735257756,3.15051845985425
4,0.267010322088976,0.281510617621831,0.289187489519417,0.194457749278689,0.210706559333779,0.21952140148,4,7.18020377500995e-05,8.99001459803082e-05,98,55861.4420918091,226716.325610393,23.4121718741866,95.0194155953028,7.16057418178704e-05,-9.28468963629169,4.55408124540628,3.15325605268797
6,0.253296940145451,0.267010322088976,0.274260469855404,0.179473072382345,0.194457749278689,0.202582154306234,4,7.16057418178704e-05,7.1703889783985e-05,99,56014.6052446226,227328.022200715,23.4763643104034,95.2757846608192,0.000107114920721074,-9.50285431697151,4.55677568247326,3.15599414099464
9,0.240315045304619,0.253296940145451,0.260153631117214,0.165649356344547,0.179473072382345,0.186965410830517,6,0.000107114920721074,8.93603312694721e-05,100,56168.216189383,227941.493314946,23.5407444213676,95.5328974496839,0.000160232968226276,-9.29052140010667,4.5594706640814,3.15873272500958
22,0.228017048041929,0.240315045304619,0.246805992725035,0.152893927063689,0.165649356344547,0.172561214363446,9,0.000160232968226276,0.000133673944473675,101,56322.2763198547,228556.744480165,23.6053127912216,95.790756278359,0.000390609212508774,-8.8983911065386,4.56216619053389,3.16147180496835
11,0.225688027711109,0.228017048041929,0.234166046673274,0.152038595393339,0.152893927063689,0.159271641704118,22,0.000390609212508774,0.000275421090367525,102,56476.7870344143,229173.781241909,23.6700700060412,96.0493634710432,0.000194770286654181,-8.18661082232335,4.56486226213423,3.1642113811067
13,0.316994896334457,0.225688027711109,0.226852537876519,0.257980489892494,0.152038595393339,0.152466261228514,11,0.000194770286654181,0.000292689749581477,103,56631.7497360669,229792.609164243,23.735016653842,96.3087213596993,0.000229553211062464,-8.12642101957291,4.56755887918622,3.16695145366059
30,0.299419191039303,0.316994896334457,0.271341462022783,0.237322157275179,0.257980489892494,0.205009542642916,13,0.000229553211062464,0.000212161748858322,104,56787.1658324624,230413.233829819,23.8001533245861,96.5688322840819,0.000528288382774872,-8.44442452445084,4.57025604199396,3.16969202286618
42,0.283272306419902,0.299419191039303,0.30820704368688,0.218638638407296,0.237322157275179,0.247651323583837,30,0.000528288382774872,0.000378920796918668,105,56943.0367359114,231035.660839951,23.8654806101892,96.829698591765,0.000737579209110084,-7.8704685791501,4.57295375086186,3.17243308895984
54,0.274930508147475,0.283272306419902,0.291345748729603,0.208469515002292,0.218638638407296,0.227980397841237,42,0.000737579209110084,0.000632933795942478,106,57099.3638634022,231659.895814675,23.9309991045273,97.0913226381704,0.000945719817985771,-7.36051895028089,4.5756520060946,3.17517465217816
44,0.260534411782125,0.274930508147475,0.279101407283688,0.192297689552493,0.208469515002292,0.213554076704794,54,0.000945719817985771,0.000841649513547928,107,57256.1486366165,232285.944392816,23.9967094034436,97.3537067865952,0.000768476417777446,-7.07666623232751,4.57835080799721,3.17791671275791
49,0.279164554932233,0.260534411782125,0.2677324599648,0.211376569876761,0.192297689552493,0.200383602277392,44,0.000768476417777446,0.000857098117881608,108,57413.3924819464,232913.812232061,24.0626121047554,97.6168534082401,0.000853459408715624,-7.05854013250912,4.58105015687497,3.18065927093608
64,0.267716792917076,0.279164554932233,0.269849483357179,0.198546188823659,0.211376569876761,0.201837129714627,49,0.000853459408715624,0.000810967913246535,109,57571.0968305106,233543.505009019,24.1287078082609,97.8807648822378,0.00111166893673081,-7.11366996925075,4.58375005303349,3.18340232694985
49,0.253575127868114,0.267716792917076,0.273440673924655,0.182983185270633,0.198546188823659,0.20496137935021,64,0.00111166893673081,0.000982564172723215,110,57729.2631181714,234175.028419294,24.1949971157466,98.1454435956808,0.000848789632039774,-6.92236268291743,4.58645049677868,3.18614588103662
50,0.24034531730448,0.253575127868114,0.260645960392595,0.168754934174294,0.182983185270633,0.190764687047146,49,0.000848789632039774,0.00098022928438529,111,57887.8927855508,234808.38817755,24.2614806309936,98.4108919436504,0.000863738470930839,-6.92473473933737,4.58915148841672,3.18888993343399
48,0.227898364479473,0.24034531730448,0.246960222586297,0.155688287947655,0.168754934174294,0.175869059722463,50,0.000863738470930839,0.000856264051485307,112,58046.9872780476,235443.590017578,24.3281589597852,98.6771123292449,0.000826916300928382,-7.05951041083528,4.59185302825412,3.19163448437975
70,0.216525163875492,0.227898364479473,0.234121840891977,0.144070577168695,0.155688287947655,0.162221611060974,48,0.000826916300928382,0.000845327385929611,113,58206.5480458541,236080.63969237,24.3950327099137,98.9441071636085,0.00120261383555773,-7.07232103143043,4.59455511659765,3.1943795341119
54,0.262726227964593,0.216525163875492,0.222211764177483,0.198677978635262,0.144070577168695,0.149879432558175,70,0.00120261383555773,0.00101476506824306,114,58366.5765439731,236719.542974179,24.4621024911874,99.2118788659594,0.000925187036784943,-6.89021043176792,4.59725775375443,3.19712508286865
39,0.27748553995875,0.262726227964593,0.239625695920043,0.216531526344103,0.198677978635262,0.171374277901979,54,0.000925187036784943,0.00106390043617134,115,58527.0742322343,237360.305654597,24.5293689154377,99.4804298636197,0.000666358271135317,-6.84305892962787,4.59996094003182,3.1998711308884
27,0.266333596537933,0.27748553995875,0.270105883961672,0.203978735727725,0.216531526344103,0.207604752489682,39,0.000666358271135317,0.00079577265396013,116,58688.0425753118,238002.933544616,24.5968325965263,99.7497625920434,0.000460059644438679,-7.13251607753701,4.6026646757375,3.20261767840975
54,0.252116435317479,0.266333596537933,0.271909568248342,0.18800415998268,0.203978735727725,0.210255131035914,27,0.000460059644438679,0.000563208957786998,117,58849.483042741,238647.432474703,24.6644941503525,100.019879494846,0.000917595146261201,-7.47666288706678,4.60536896117946,3.20536472567152
40,0.24028202515405,0.252116435317479,0.259225015927706,0.174891150427181,0.18800415998268,0.195991447855203,54,0.000917595146261201,0.00068882739534994,118,59011.3971089353,239293.808294868,24.7323541948597,100.290783023834,0.000677835163369541,-7.27626860771056,4.60807379666595,3.2081122729127
22,0.228126824613989,0.24028202515405,0.246199230235765,0.161728694417229,0.174891150427181,0.18144765520493,40,0.000677835163369541,0.000797715154815371,119,59173.7862532038,239942.066874732,24.8004133500435,100.562475639033,0.00037178624848953,-7.1300869740728,4.61077918250554,3.2108603203725
30,0.216306620952235,0.228126824613989,0.23420442488402,0.149232222034935,0.161728694417229,0.168309922422205,22,0.00037178624848953,0.000524810705929536,120,59336.6519597685,240592.214103601,24.8686722379583,100.834959808718,0.000505589698932468,-7.5468967773701,4.61348511900709,3.21360886829033
47,0.21520525946862,0.216306620952235,0.222216722783112,0.148450226929857,0.149232222034935,0.155480458226082,30,0.000505589698932468,0.000438687973710999,121,59499.9957177809,241244.255890532,24.9371314827246,101.108238009443,0.000789916023236865,-7.72505496016305,4.61619160647973,3.21635791690579
44,0.204042392822684,0.21520525946862,0.215755940210427,0.136931983331923,0.148450226929857,0.148841224482396,47,0.000789916023236865,0.000647752861084667,122,59663.8190213401,241898.198164406,25.0057917105365,101.382312726071,0.000737465363795476,-7.3374811309427,4.61889864523292,3.21910746645868
37,0.193515989915101,0.204042392822684,0.209623826145652,0.12634305934512,0.136931983331923,0.14269110513089,44,0.000737465363795476,0.000763690693516171,123,59828.1233695099,242554.046874,25.0746535496688,101.657186451802,0.000618438251380224,-7.1735124191345,4.62160623557638,3.22185751718899
33,0.183567946638771,0.193515989915101,0.198779191368892,0.116591009564022,0.12634305934512,0.131637521338521,37,0.000618438251380224,0.00067795180758785,124,59992.9102663362,243211.807988058,25.1437176304846,101.932861688205,0.00055006499690543,-7.29211507708484,4.62431437782012,3.22460806933694
35,0.19229496211524,0.183567946638771,0.188541968276936,0.128111765191715,0.116591009564022,0.121467034454571,33,0.00055006499690543,0.000584251624142827,125,60158.1812208648,243871.487495359,25.2129845854421,102.209340945247,0.00058179950406913,-7.44016855161062,4.62702307227447,3.22735912314291
27,0.259133944397609,0.19229496211524,0.187931454377005,0.205224620186783,0.128111765191715,0.122351387377868,35,0.00058179950406913,0.00056593225048728,126,60323.9377471587,244533.091404792,25.2824550491025,102.486626741321,0.000447583513416641,-7.47186416815507,4.62973231925003,3.23011067884749
33,0.266703444407575,0.259133944397609,0.225714453256425,0.212378701349178,0.205224620186783,0.166668192689249,27,0.000447583513416641,0.000514691508742885,127,60490.181364316,245196.62574543,25.3521296581375,102.764721603281,0.000545543082459118,-7.56625738594495,4.63244211905767,3.23286273669147
20,0.253103962307194,0.266703444407575,0.262918694402592,0.196487499898712,0.212378701349178,0.20880166076798,33,0.000545543082459118,0.000496563297937879,128,60656.9135964874,245862.096566595,25.4220090513359,103.043628066469,0.000329723337607441,-7.60190718047132,4.63515247200859,3.23561529691584
18,0.240657339202675,0.253103962307194,0.259903703357384,0.182147945056961,0.196487499898712,0.204433100623945,20,0.000329723337607441,0.000437633210033279,129,60824.1359728944,246529.509937941,25.4920938696121,103.323348674745,0.00029593515324281,-7.72744619954718,4.63786337841424,3.23836835976176
22,0.263322349557475,0.240657339202675,0.246880650754935,0.204435534458616,0.182147945056961,0.189317722477837,18,0.00029593515324281,0.000312829245425125,130,60991.8500278468,247198.871949517,25.5623847560129,103.603885980519,0.000360703929950568,-8.06051596775224,4.64057483858639,3.24112192547062
17,0.250080756778393,0.263322349557475,0.251989844380075,0.189071916803099,0.204435534458616,0.193291739757789,22,0.000360703929950568,0.000328319541596689,131,61160.0573007605,247870.188711846,25.6328823557253,103.88524254478,0.000277959190201553,-8.01262469628674,4.64328685283706,3.24387599428399
11,0.238000532010245,0.250080756778393,0.256701553167934,0.175312295831726,0.189071916803099,0.196753725630858,17,0.000277959190201553,0.000319331560076061,132,61328.7593361763,248543.466355996,25.7035873160839,104.167420937132,0.00017936120213525,-8.0401327887587,4.64599942147859,3.24663056644362
22,0.248869387271635,0.238000532010245,0.244040644394319,0.188243596341431,0.175312295831726,0.182192106317413,11,0.00017936120213525,0.000228660196168402,133,61497.9576837769,249218.711033656,25.7745002865787,104.450423735815,0.000357735457055732,-8.37052130799583,4.6487125448236,3.24938564219146
16,0.302461146989244,0.248869387271635,0.24343495964094,0.248943693380703,0.188243596341431,0.181777946086578,22,0.000357735457055732,0.000268548329595491,134,61667.6538984057,249895.928917205,25.8456219188624,104.734253527747,0.000259455305797091,-8.21161131753143,4.65142622318497,3.25214122176968
15,0.334747271245547,0.302461146989244,0.275665267130439,0.282581747961332,0.248943693380703,0.218593644861067,16,0.000259455305797091,0.000308595381426412,135,61837.849540085,250575.126199796,25.9169528667582,105.018912908548,0.000242569884165791,-8.07401499545651,4.65414045687589,3.25489730542061
14,0.316263386582068,0.334747271245547,0.318604209117396,0.260013884120021,0.282581747961332,0.265762720671017,15,0.000242569884165791,0.000251012594981441,136,62008.5461740339,251256.309095417,25.9884937862673,105.304404482572,0.000225775330398933,-8.27838423043578,4.65685524620982,3.25765389338677
18,0.302682989015992,0.316263386582068,0.325505328913807,0.243210137226949,0.260013884120021,0.271297816040676,14,0.000225775330398933,0.000234172607282362,137,62179.7453706871,251939.483838978,26.0602453355771,105.590730862942,0.000289483334045392,-8.34699819352198,4.65957059150052,3.26041098591091
11,0.315447658229415,0.302682989015992,0.30947318779903,0.256645733016519,0.243210137226949,0.251612010673485,18,0.000289483334045392,0.000257629332222162,138,62351.4487057128,252624.656686381,26.1322081750682,105.877894671576,0.000176419317086247,-8.25266232917459,4.66228649306201,3.26316858323593
14,0.304069222136578,0.315447658229415,0.309065323622704,0.242950738572615,0.256645733016519,0.249927935121734,11,0.000176419317086247,0.000232951325565819,139,62523.6577600316,253311.833914593,26.2043829673225,106.165898539226,0.000223915242670744,-8.35216226199313,4.6650029512086,3.26592668560494
11,0.28784399478336,0.304069222136578,0.309758440182996,0.223866140766667,0.242950738572615,0.249798235794567,14,0.000223915242670744,0.000200167279878495,140,62696.3741198348,254001.021821726,26.2767703771311,106.454745105501,0.000175448742521779,-8.50180286363253,4.6677199662549,3.26868529326124
8,0.272715912246506,0.28784399478336,0.295956608459969,0.206434551944724,0.223866140766667,0.233408439669641,11,0.000175448742521779,0.000199681992596261,141,62869.5993766031,254692.226727111,26.3493710715017,106.744437018906,0.000127247510391759,-8.50419510140938,4.67043753851578,3.27144440644832
24,0.26225481504567,0.272715912246506,0.280279953514933,0.194428384348253,0.206434551944724,0.215150346355695,8,0.000127247510391759,0.000151348126456769,142,63043.3351271253,255385.454971375,26.4221857196669,107.034976936871,0.00038069051949115,-8.77672379232047,4.67315566830638,3.27420402540985
11,0.248669138020871,0.26225481504567,0.267485363646088,0.1793928447541,0.194428384348253,0.200431468146488,24,0.00038069051949115,0.000253969014941454,143,63217.582973517,256080.712916516,26.4952149930918,107.326367525782,0.000174002223473303,-8.26680960637803,4.67587435594216,3.2769641503897
6,0.235845394827576,0.248669138020871,0.255461976533271,0.165544145018865,0.1793928447541,0.186910614551176,11,0.000174002223473303,0.000277346371482227,144,63392.3445232393,256778.006945983,26.5684595654817,107.618611461016,9.46486526902382e-05,-8.17971801019334,4.67859360173882,3.27972478163192
17,0.223721451593241,0.235845394827576,0.242257266424224,0.15277791491961,0.165544145018865,0.172468494886482,6,9.46486526902382e-05,0.000134325438081771,145,63567.621389118,257477.343464749,26.6419201127904,107.91171142697,0.000267431746359322,-8.89363338763512,4.68131340601236,3.28248591938076
4,0.212246586634794,0.223721451593241,0.229783423210409,0.141003674680807,0.15277791491961,0.159161029969237,17,0.000267431746359322,0.00018104019952478,146,63743.4151893622,258178.728899392,26.7155973132281,108.205670117096,6.27515797218776e-05,-8.60071180211014,4.68403376907904,3.28524756388065
9,0.201377773455042,0.212246586634794,0.217984019114017,0.130141067964552,0.141003674680807,0.146890794800209,4,6.27515797218776e-05,0.0001650916630406,147,63919.7275475836,258882.169698169,26.7894918472689,108.500490233935,0.000140801601403888,-8.69139029958488,4.68675469125542,3.28800971537621
24,0.191077456442594,0.201377773455042,0.206812180044918,0.120117667199825,0.130141067964552,0.135572371322679,9,0.000140801601403888,0.000101776590562883,148,64096.5600928156,259587.672331099,26.8636043976595,108.796174489145,0.000374435070544294,-9.16430462208794,4.68947617285832,3.29077237411223
24,0.229338243654071,0.191077456442594,0.196227614948818,0.165713830926857,0.120117667199825,0.125129367582189,24,0.000374435070544294,0.000257618335974091,149,64273.9144595321,260295.243290037,26.9379356494267,109.092725603536,0.000373401872311835,-8.25270453179363,4.69219821420484,3.29353554033372
11,0.286301304882244,0.229338243654071,0.210207850048332,0.231369934471605,0.165713830926857,0.142915749063341,24,0.000373401872311835,0.000373918471428064,150,64451.7922876675,261004.889088755,27.0124862898858,109.390146307106,0.000170670195654199,-7.88365519368345,4.69492081561235,3.29629921428584
16,0.347178306132054,0.286301304882244,0.257819774268157,0.294358231955986,0.231369934471605,0.198541882699231,11,0.000170670195654199,0.000272036033983017,151,64630.1952226349,261716.61626302,27.0872570086483,109.688439339069,0.000247562303423098,-8.1988462737764,4.69764397739851,3.29906339621397
9,0.343846396510224,0.347178306132054,0.316739805507149,0.287340459856964,0.294358231955986,0.262864083213796,16,0.000247562303423098,0.000209116249538649,152,64809.1249153465,262430.431370671,27.1622484976305,109.987607447892,0.000138869333782176,-8.45868448460434,4.70036769988124,3.30182808636363
13,0.341631183919472,0.343846396510224,0.345512351321139,0.281452242395212,0.287340459856964,0.290849345906475,9,0.000138869333782176,0.000193215818602637,153,64988.5830222326,263146.340991705,27.2374614510614,110.287653391327,0.000200035135333735,-8.53662878242192,4.70309198337873,3.30459328498057
22,0.335964249370815,0.341631183919472,0.342738790214848,0.273072401861692,0.281452242395212,0.284396351126088,13,0.000200035135333735,0.000169452234557956,154,65168.5712052613,263864.35172835,27.3128965654909,110.588579936442,0.0003375860417548,-8.66576960383092,4.70581682820947,3.30735899231071
18,0.318455217207776,0.335964249370815,0.338797716645143,0.251912653175391,0.273072401861692,0.277262322128452,22,0.0003375860417548,0.000268810588544268,155,65349.0911319578,264584.470205147,27.3885545397979,110.890389859659,0.000275443769579795,-8.21064576009321,4.70854223469219,3.31012520860013
9,0.301961966577483,0.318455217207776,0.327209733289295,0.232441299741506,0.251912653175391,0.262492527518542,18,0.000275443769579795,0.000306514905667297,156,65530.1444754245,265306.703069034,27.4644360751989,111.193085946787,0.000137341372768913,-8.08071564701615,4.7112682031459,3.31289193409513
25,0.286390972446828,0.301961966577483,0.31020859189263,0.214501983539552,0.232441299741506,0.242176976458449,9,0.000137341372768913,0.000206392571174354,157,65711.7329143603,266031.056989422,27.5405418752558,111.496670993052,0.000380449561915854,-8.47161214690377,4.7139947338899,3.31565916904215
5,0.271668439107267,0.286390972446828,0.294176469512155,0.197962311598307,0.214501983539552,0.223471641640529,25,0.000380449561915854,0.000258895467342384,158,65893.858133081,266757.538658278,27.6168726458847,111.801147803134,7.58796061068677e-05,-8.24781488594125,4.71672182724374,3.31842691368786
11,0.257733515924644,0.271668439107267,0.279029705777047,0.182706484042943,0.197962311598307,0.20623214756893,5,7.58796061068677e-05,0.000228164584011361,159,66076.5218215383,267486.154790207,27.6934290953639,112.106519191202,0.000166473653527181,-8.37266359806629,4.71944948352724,3.32119516827908
7,0.244534301927724,0.257733515924644,0.264700977515956,0.168631136562569,0.182706484042943,0.190334397820625,11,0.000166473653527181,0.000121176629817025,160,66259.7256753408,268216.912122533,27.7702119343423,112.412787980944,0.000105644868412202,-8.99433242910137,4.7221777030605,3.32396393306281
18,0.232025359605849,0.244534301927724,0.251133908926184,0.155642827648,0.168631136562569,0.175668810302756,7,0.000105644868412202,0.000136059260969692,161,66443.4713957736,268949.817415379,27.8472218758481,112.719957005607,0.000270906977342923,-8.88108083553221,4.72490648616388,3.32673320828624
22,0.240829950055688,0.232025359605849,0.238279830766786,0.166983833026161,0.155642827648,0.162136982105284,18,0.000270906977342923,0.000188275922877563,162,66627.7606898179,269684.877451756,27.9244596352967,113.028029108028,0.000330192697041401,-8.56213555490251,4.72763583315801,3.32950299419675
11,0.31541408477982,0.240829950055688,0.236427654830768,0.253384794470732,0.166983833026161,0.16131333033708,22,0.000330192697041401,0.000300549837192162,163,66812.5952701722,270422.099037635,28.0019259304997,113.337007140668,0.00016463961556229,-8.10018024673371,4.73036574436379,3.33227329104188
17,0.298486047941256,0.31541408477982,0.278122017417754,0.233461942562818,0.253384794470732,0.210184313748446,11,0.00016463961556229,0.000247416156301845,164,66997.9768552717,271161.48900204,28.079621481673,113.64689396565,0.000253739005234788,-8.29264762266441,4.73309622010238,3.33504409906935
9,0.304865897856794,0.298486047941256,0.306950066360538,0.239373591657964,0.233461942562818,0.243423368516775,17,0.000253739005234788,0.000209189310398539,165,67183.9071693092,271903.054197125,28.1575470114456,113.957692454788,0.000133960651876338,-8.45833999987954,4.73582726069522,3.33781541852708
10,0.340584692097155,0.304865897856794,0.301675972899025,0.277322974902845,0.239373591657964,0.236417767110391,9,0.000133960651876338,0.000193849828555563,166,67370.3879422552,272646.80149826,28.235703244868,114.269405489631,0.000148433166342626,-8.5334017307747,4.73855886646399,3.34058724966315
18,0.373523218653962,0.340584692097155,0.322725294976974,0.310523296246898,0.277322974902845,0.258348283280404,10,0.000148433166342626,0.000141196909109482,167,67557.4209098786,273392.737804115,28.314090909421,114.58203596149,0.000266440011438743,-8.84478445991751,4.74129103773066,3.34335959272582
15,0.36760944366749,0.373523218653962,0.357053955375559,0.300709633727578,0.310523296246898,0.293923135574871,18,0.000266440011438743,0.000207436588890684,168,67745.0078137671,274140.870036743,28.3927107350239,114.895586771476,0.000221418529336293,-8.46663705050337,4.74402377481746,3.34613244796353
7,0.348468853237444,0.36760944366749,0.370566331160726,0.277411132728896,0.300709633727578,0.305616464987238,15,0.000221418529336293,0.000243929270387518,169,67933.1504013481,274891.205141664,28.4715634540437,115.210060830538,0.000103042475708017,-8.3066735300946,4.74675707804686,3.3489058156249
10,0.330432209690914,0.348468853237444,0.358039148452467,0.255970167571399,0.277411132728896,0.289060383228237,7,0.000103042475708017,0.000162230502522155,170,68121.8504259092,275643.750087954,28.5506498013031,115.525461059495,0.000146795777529212,-8.70856500006478,4.74949094774161,3.35167969595871
4,0.313399719253095,0.330432209690914,0.339450531464179,0.236215097817176,0.255970167571399,0.266690650150147,10,0.000146795777529212,0.000124919126618614,171,68311.1096466189,276398.511868325,28.6299705140901,115.841790389072,5.85556291018028e-05,-8.96462375616043,4.75222538422473,3.35445408921393
4,0.297292444891971,0.313399719253095,0.321915964472005,0.218000683448184,0.236215097817176,0.246092632694287,4,5.85556291018028e-05,0.000102675703315507,172,68500.9298285478,277155.497499212,28.7095263321659,116.159051759938,5.8393367944226e-05,-9.15575468013403,4.75496038781949,3.35722899563971
11,0.327843994321385,0.297292444891971,0.305346082072533,0.253222805681333,0.218000683448184,0.22710789063268,4,5.8393367944226e-05,5.84744985230144e-05,173,68691.3127426895,277914.71402086,28.7893179977743,116.477248122741,0.00016013669794323,-9.69795264905062,4.75769595884942,3.36000441548537
6,0.370716487715594,0.327843994321385,0.312568219606678,0.302522790472174,0.253222805681333,0.235611744564758,11,0.00016013669794323,0.000109265032943728,174,68882.2601659815,278676.168497411,28.8693462556503,116.796382438144,8.71051557475343e-05,-9.09523089088149,4.76043209763831,3.36278034900038
11,0.454074266298514,0.370716487715594,0.34928024101849,0.395179401749255,0.302522790472174,0.277872798076753,6,8.71051557475343e-05,0.000123620926845382,175,69073.7738813264,279439.868016987,28.9496118530287,117.11645767686,0.000159250021851981,-8.97482944707741,4.76316880451021,3.36555679643443
3,0.431593933069759,0.454074266298514,0.412395377007054,0.366844278712805,0.395179401749255,0.348851096110715,11,0.000159250021851981,0.000123177588799757,176,69265.855677613,280205.81969178,29.0301155396534,117.43747681969,4.33113829411569e-05,-8.9783387084086,4.76590607978944,3.36833375803735
2,0.425560053334587,0.431593933069759,0.442834099684137,0.356761798922454,0.366844278712805,0.38101184023103,3,4.33113829411569e-05,0.000101280702396569,177,69458.5073497376,280974.030658136,29.1108580677861,117.759442857559,2.87941690127258e-05,-9.16905164214795,4.76864392380055,3.37111123405914
4,0.40295651756982,0.425560053334587,0.428576993202173,0.32895670257043,0.356761798922454,0.36180303881763,2,2.87941690127258e-05,3.60527759769413e-05,178,69651.7306986256,281744.508076647,29.1918401922152,118.082358791554,5.74285801641815e-05,-10.1522728141319,4.77138233686837,3.37388922474999
8,0.381800437708134,0.40295651756982,0.414258285452204,0.303439030917491,0.32895670257043,0.342859250746442,4,5.74285801641815e-05,4.31113745884536e-05,179,69845.5275312525,282517.259132235,29.2730626702651,118.406227632957,0.00011453847200768,-9.98587034594679,4.77412131931799,3.37666773036026
4,0.361917084422605,0.381800437708134,0.392378477638977,0.279967415126744,0.303439030917491,0.316197866743961,8,0.00011453847200768,8.59835260859307e-05,180,70039.8996606661,283292.291034242,29.3545262618047,118.731052403287,5.71103045461154e-05,-9.32779461208582,4.77686087147474,3.37944675114047
0,0.34317736293732,0.361917084422605,0.37185876106537,0.258348696549828,0.279967415126744,0.291703223022117,4,5.71103045461154e-05,8.58243882768976e-05,181,70234.848906007,284069.611016515,29.4362317292569,119.056836134332,0,-9.32958592733902,4.77960099366421,3.38222628734132
3,0.325480995784394,0.34317736293732,0.352547223679962,0.238420396291906,0.258348696549828,0.269158055838286,0,0,2.85551522730577e-05,182,70430.3770925316,284849.226337502,29.5181798376075,119.38358186819,4.25952568173615e-05,-10.3658485841065,4.78234168621224,3.38500633921367
5,0.308746855538996,0.325480995784394,0.334329179360857,0.220041217966906,0.238420396291906,0.248384546420867,3,4.25952568173615e-05,2.12976284086808e-05,183,70626.4860516326,285631.144280332,29.6003713544143,119.711292657306,7.07949705489336e-05,-10.6278273109684,4.78508294944494,3.38778690700856
6,0.292907063837664,0.308746855538996,0.317113925661695,0.203085580215894,0.220041217966906,0.229230807129406,5,7.07949705489336e-05,5.66951136831476e-05,184,70823.1776208619,286415.372152914,29.6828070498164,120.039971564507,8.47180287803498e-05,-9.72735665904743,4.78782478368866,3.39056799097719
6,0.277903233628206,0.292907063837664,0.30082695968833,0.187440293702455,0.203085580215894,0.2115633990914,6,8.47180287803498e-05,7.77564996646417e-05,185,71020.4536439517,287201.917288018,29.765487696543,120.369621663042,8.44827045188971e-05,-9.42488235378917,4.79056718927,3.39334959137094
3,0.32150611302744,0.277903233628206,0.285405148732935,0.238289342833797,0.187440293702455,0.195262936959175,6,8.44827045188971e-05,8.46003666496234e-05,186,71218.3159708372,287990.787043372,29.8484140699234,120.700246036618,4.21239951984887e-05,-9.3434722955001,4.79331016651581,3.39613170844135
1,0.311999600105899,0.32150611302744,0.299704673327823,0.228296292432196,0.238289342833797,0.212864818268126,3,4.21239951984887e-05,6.33033498586929e-05,187,71416.766457678,288781.988801747,29.9315869478952,121.031847779441,1.40023141567548e-05,-9.62225709097579,4.79605371575321,3.39891434244012
2,0.29564796760334,0.311999600105899,0.31675285656667,0.21051760181573,0.228296292432196,0.233292817632997,1,1.40023141567548e-05,2.80631546776218e-05,188,71615.8069668809,289575.529971054,30.0150071110146,121.36442999625,2.7926795559602e-05,-10.3815959833211,4.79879783730955,3.40169749361914
8,0.410569274306838,0.29564796760334,0.30382378385462,0.342027111786787,0.21051760181573,0.219406947123963,2,2.7926795559602e-05,2.09645548581784e-05,189,71815.4393671216,290371.417984429,30.098675342465,121.697995802359,0.000111396658859161,-10.6416677173507,4.80154253151243,3.40448116223045
5,0.424505427873169,0.410569274306838,0.353108620955089,0.355803078381764,0.342027111786787,0.276272356801259,8,0.000111396658859161,6.96617272093815e-05,190,72015.6655333674,291169.660300328,30.1825924280668,122.032548323692,6.94293382275739e-05,-9.53059631113068,4.80428779868971,3.40726534852625
2,0.4027402847645,0.424505427873169,0.417537351090003,0.329094463363662,0.355803078381764,0.348915095084276,5,6.94293382275739e-05,9.04129985433674e-05,191,72216.4873468995,291970.26440262,30.2667591562865,122.368090696823,2.76945068013733e-05,-9.27918047917782,4.8070336391695,3.41005005275891
2,0.421525956383883,0.4027402847645,0.413622856318834,0.348793862219135,0.329094463363662,0.342448770872713,2,2.76945068013733e-05,4.85619225144736e-05,192,72417.9066953357,292773.237800677,30.3511763182463,122.704626069018,2.76174787599711e-05,-9.87399639542686,4.80978005328014,3.41283527518099
1,0.398782860373237,0.421525956383883,0.412133120574191,0.321288158360252,0.348793862219135,0.338944162791398,2,2.76174787599711e-05,2.76559927806722e-05,193,72619.9254726525,293578.588029464,30.4358447077336,123.042157598266,1.37703253410331e-05,-10.394818221832,4.81252704135022,3.41562101604517
5,0.377657427231037,0.398782860373237,0.41015440837856,0.296209776702944,0.321288158360252,0.335041010289693,1,1.37703253410331e-05,2.06939020505021e-05,194,72822.5455792081,294386.32264964,30.5207651212105,123.380688453328,6.86600552099839e-05,-10.6530571196782,4.8152746037086,3.41840727560433
1,0.357879147239775,0.377657427231037,0.388220143802137,0.273215538459757,0.296209776702944,0.308748967531598,5,6.86600552099839e-05,4.12151902755085e-05,195,73025.7689217656,295196.449247643,30.605938357823,123.720221813765,1.36937962415887e-05,-10.027922519838,4.81802274068436,3.4211940541115
6,0.33927948327317,0.357879147239775,0.367768287235406,0.252073074219853,0.273215538459757,0.28471265758135,1,1.36937962415887e-05,4.11769257257863e-05,196,73229.5974135146,296008.975435789,30.691365219411,124.060760869987,8.19340841943875e-05,-10.0287895940934,4.82077145260683,3.42398135181987
4,0.32173924388434,0.33927948327317,0.348579315256472,0.23260314161968,0.252073074219853,0.262644306339805,6,8.19340841943875e-05,4.78139402179881e-05,197,73434.0329740954,296823.908852364,30.7770465105178,124.402308823287,5.44706566968893e-05,-9.88862782524717,4.82352073980558,3.42676916898279
1,0.305167378179078,0.32173924388434,0.330509363578755,0.214657308615525,0.23260314161968,0.242338107919766,4,5.44706566968893e-05,6.82023704456384e-05,198,73639.0775296216,297641.257161717,30.8629830383997,124.744868885883,1.35797464274012e-05,-9.5509034642032,4.82627060261043,3.42955750585379
3,0.289490504728754,0.305167378179078,0.313453311031709,0.198107400743612,0.214657308615525,0.223630225117602,1,1.35797464274012e-05,3.40252015621453e-05,199,73844.7330127027,298461.02805436,30.9491756130355,125.088444280956,4.0625781658442e-05,-10.2056798458061,4.82902104135145,3.43234636268654
0,0.316463741363008,0.289490504728754,0.297328941453916,0.229846077263421,0.198107400743612,0.206382354679569,3,4.0625781658442e-05,2.71027640429216e-05,200,74051.001362468,299283.229247056,31.0356250471366,125.433038242689,0,-10.413068686935,4.83177205635894,3.43513573973488
3,0.363419484195602,0.316463741363008,0.302977123045881,0.285527166421198,0.229846077263421,0.213976739003516,0,0,2.0312890829221e-05,201,74257.8845245894,300107.868482921,31.1223321561565,125.778654016312,4.03997503996575e-05,-10.6693136163742,4.83452364796343,3.4379256372528
1,0.343858894994423,0.363419484195602,0.339941612779305,0.263014835811166,0.285527166421198,0.25768662184231,3,4.03997503996575e-05,2.01998751998287e-05,202,74465.3844513051,300934.953531513,31.2092977583006,126.125294858136,1.34290584459941e-05,-10.6741868846964,4.83727581649571,3.44071605549448
1,0.325658459920581,0.343858894994423,0.353639189595013,0.242475851063713,0.263014835811166,0.274271001116182,1,1.34290584459941e-05,2.69144044228258e-05,203,74673.5031014427,301764.492188938,31.2965226745359,126.472964035598,1.33916310132326e-05,-10.4193592764152,4.8400285622868,3.44350699471422
2,0.308609347548905,0.325658459920581,0.334758677457502,0.223644723516502,0.242475851063713,0.25274534343744,1,1.33916310132326e-05,1.34103447296134e-05,204,74882.242440443,302596.492277935,31.3840077286014,126.821664827299,2.67086018636619e-05,-11.0215922737662,4.84278188566797,3.44629845516651
1,0.29257277703063,0.308609347548905,0.317133903734743,0.206332544426247,0.223644723516502,0.233060287290107,2,2.67086018636619e-05,2.00501164384473e-05,205,75091.6044403834,303430.961647982,31.4717537470173,127.171400523044,1.33170679658858e-05,-10.6806813318968,4.84553578697071,3.44909043710597
3,0.277448142133638,0.29257277703063,0.300591062289768,0.190391797110659,0.206332544426247,0.214988633971374,1,1.33170679658858e-05,2.00128349147739e-05,206,75301.591080002,304267.90817539,31.5597615590956,127.522174423885,3.9839795640078e-05,-10.682304662862,4.84829026652675,3.4518829407874
3,0.263157775869871,0.277448142133638,0.285010459582134,0.175700137448191,0.190391797110659,0.198362170768453,3,3.9839795640078e-05,2.65784318029819e-05,207,75512.204344721,305107.339763401,31.6480319969493,127.873989842163,3.97286773182344e-05,-10.4306788435293,4.85104532466806,3.45467596646574
1,0.249638779708642,0.263157775869871,0.270302959001754,0.162152054009738,0.175700137448191,0.183045967279425,3,3.97286773182344e-05,3.97842364791562e-05,208,75723.4462266707,305949.264342285,31.7365658955032,128.226850101544,1.32059494097323e-05,-10.0608707429429,4.85380096172686,3.45746951439611
3,0.236838283490276,0.249638779708642,0.256398277789257,0.149654236897947,0.162152054009738,0.168926095728964,1,1.32059494097323e-05,2.64673133639834e-05,209,75935.3187247136,306793.689869439,31.8253640925036,128.580758537066,3.95073076716228e-05,-10.4344510135121,4.85655717803558,3.46026358483376
4,0.224710536147211,0.236838283490276,0.243238531599459,0.138122837572679,0.149654236897947,0.155903145453842,3,3.95073076716228e-05,2.63566285406776e-05,210,76147.8238444682,307640.624329488,31.9144274285282,128.935718495175,5.25294065943367e-05,-10.438222662942,4.85931397392691,3.46305817803411
0,0.310276936898165,0.224710536147211,0.230774409818744,0.234591725127366,0.138122837572679,0.143888537235313,4,5.25294065943367e-05,4.60183571329798e-05,211,76360.9635983338,308490.075734382,32.0037567469966,129.291733333773,0,-9.92465090455321,4.86207134973374,3.46585329425272
0,0.313209636130558,0.310276936898165,0.267493736522688,0.237478262937459,0.234591725127366,0.186357281350022,0,0,2.62647032971684e-05,212,76574.7400055137,309342.052123496,32.0933528941801,129.648806422253,0,-10.4413659182876,4.86482930578922,3.46864893374533
2,0.327041312194343,0.313209636130558,0.311743286514362,0.252899750959394,0.237478262937459,0.236034994032413,0,0,0,213,76789.1550920408,310196.56156373,32.1832167192124,130.006941141547,2.60453445229703e-05,-12.7389414859654,4.86758784242672,3.47144509676782
2,0.361764666788108,0.327041312194343,0.32012547416245,0.292325796903034,0.252899750959394,0.245189006948426,2,2.60453445229703e-05,1.30226722614851e-05,214,77004.2108908007,311053.61214961,32.2733490740992,130.366140884162,2.59726056129085e-05,-11.0455962750685,4.87034695997985,3.4742417835762
1,0.342823994506595,0.361764666788108,0.344402989491225,0.269625699597499,0.292325796903034,0.272612773931214,2,2.59726056129085e-05,2.60089750679394e-05,215,77219.9094415575,311913.212003388,32.3637508137291,130.726409054228,1.29500281369383e-05,-10.4501625220777,4.87310665878243,3.47703899442668
4,0.325010258980489,0.342823994506595,0.352294330647351,0.248756478714942,0.269625699597499,0.280975748250266,1,1.29500281369383e-05,1.94613168749234e-05,216,77436.2527909776,312775.369275144,32.4544227958833,131.087749067537,5.16553920913133e-05,-10.7066321713952,4.87586693916854,3.47983672957557
2,0.308209537576699,0.325010258980489,0.333917126743542,0.229539424443831,0.248756478714942,0.25919108915622,4,5.16553920913133e-05,3.23027101141258e-05,217,77653.2429926543,313640.092142887,32.5453658812466,131.450164351587,2.57555244690707e-05,-10.2534052639896,4.87862780147246,3.48263498927938
0,0.292335122718015,0.308209537576699,0.316609898278594,0.211827331166316,0.229539424443831,0.239147951579387,2,2.57555244690707e-05,3.8705458280192e-05,218,77870.8821071337,314507.388812656,32.6365809334173,131.813658345623,0,-10.086448061595,4.88138924602872,3.48543377379474
0,0.277317158717268,0.292335122718015,0.300272330147357,0.195493373136167,0.211827331166316,0.220683377805073,0,0,1.28777622345353e-05,219,78089.1722019382,315377.267518625,32.7280688189179,132.178234500681,0,-11.0547188910547,4.88415127317206,3.48823308337843
2,0.26309702702858,0.277317158717268,0.284826140717641,0.180425332600979,0.195493373136167,0.203660352151242,0,0,0,220,78308.1153515922,316249.736523204,32.8198304072054,132.543896279633,2.55401370728984e-05,-12.7389414859654,4.88691388323745,3.4910329182874
3,0.249624017739599,0.26309702702858,0.270207092872924,0.166522295260646,0.180425332600979,0.187959352868573,2,2.55401370728984e-05,1.27700685364492e-05,221,78527.7136376475,317124.80411714,32.9118665706821,132.910647157225,3.8203073297702e-05,-11.0615529205572,4.88967707656009,3.49383327877872
5,0.236853237408218,0.249624017739599,0.25636052238409,0.153692603984864,0.166522295260646,0.173473813930813,3,3.8203073297702e-05,3.18716051853002e-05,222,78747.9691487078,318002.478619625,33.0041781847057,133.278490620128,6.34937009049464e-05,-10.2657150530151,4.89244085347541,3.49663416510965
2,0.224744238247922,0.236853237408218,0.243238627573909,0.141852497024164,0.153692603984864,0.160107449622755,5,6.34937009049464e-05,5.08483871013242e-05,223,78968.8839804544,318882.768378398,33.0967661276003,133.647430166973,2.53264311104488e-05,-9.8305534794971,4.89520521431906,3.49943557753756
1,0.21326009069007,0.224744238247922,0.23079873782807,0.13092513702396,0.141852497024164,0.147772550504514,2,2.53264311104488e-05,4.44100660076976e-05,224,79190.4602356712,319765.681769847,33.1896312806669,134.017469308402,1.2627783662628e-05,-9.95805652427543,4.8979701594269,3.50223751631997
1,0.202366738750047,0.21326009069007,0.219002164468996,0.120839873103684,0.13092513702396,0.136388817024062,1,1.2627783662628e-05,1.89771073865384e-05,225,79412.7000242707,320651.227199118,33.2827745281939,134.388611567107,1.25924442777336e-05,-10.7284897594673,4.90073568913502,3.50503998171458
1,0.192032540757169,0.202366738750047,0.207813414720058,0.111531648457311,0.120839873103684,0.125882505063822,1,1.25924442777336e-05,1.26101139701808e-05,226,79635.6054633193,321539.413100215,33.3761967574683,134.760860477877,1.25571971755851e-05,-11.0717903085047,4.90350180377974,3.50784297397921
2,0.294397907895792,0.192032540757169,0.197199639753608,0.228155766161047,0.111531648457311,0.116185760780497,1,1.25571971755851e-05,1.25748207266593e-05,227,79859.1786770625,322430.247936111,33.4698988587856,135.134219587641,2.50440842634717e-05,-11.074063324512,4.9062685036976,3.51064649337181
3,0.313194636764536,0.294397907895792,0.243215224326481,0.248339175086906,0.228155766161047,0.169843707309179,2,2.50440842634717e-05,1.88006407195284e-05,228,80083.4217969517,323323.740198852,33.5638817254617,135.508692455512,3.74609367667428e-05,-10.7365758999968,4.90903578922536,3.51345054015052
1,0.297447574159411,0.313194636764536,0.303796272330164,0.229733630719186,0.248339175086906,0.238247470623976,3,3.74609367667428e-05,3.12525105151073e-05,229,80308.3369616688,324219.898409658,33.6581462538428,135.884282652832,1.24520073236892e-05,-10.283662049501,4.91180366069998,3.51625511457358
1,0.282370162372225,0.297447574159411,0.305321105461973,0.212346732754591,0.229733630719186,0.239036402903046,1,1.24520073236892e-05,2.4956472045216e-05,230,80533.9263171533,325118.73111904,33.7526933433166,136.260993763219,1.24171271131357e-05,-10.4872041381862,4.91457211845865,3.5190602168994
4,0.269613881842945,0.282370162372225,0.289908868265818,0.197959967843464,0.212346732754591,0.221040181736888,1,1.24171271131357e-05,1.24345672184125e-05,231,80760.1920166275,326020.246906899,33.8475238963233,136.638829382607,4.95293522726698e-05,-11.0831475824204,4.9173411628388,3.52186584738654
2,0.25584898818369,0.269613881842945,0.275992022107585,0.18280293162363,0.197959967843464,0.205153350299028,4,4.95293522726698e-05,3.09732396929028e-05,232,80987.1362206231,326924.454382636,33.9426388183668,137.017793119294,2.46952799337373e-05,-10.2918644914541,4.92011079417804,3.52467200629367
5,0.244237288476346,0.25584898818369,0.262731435013318,0.170411720538134,0.18280293162363,0.190381449733547,2,2.46952799337373e-05,3.71123161032035e-05,233,81214.7610970075,327831.362185262,34.038039018025,137.397888593991,6.15651629391326e-05,-10.1254590414278,4.92288101281421,3.52747869387963
1,0.232394867124617,0.244237288476346,0.250043138330018,0.158039436554913,0.170411720538134,0.176607326080882,5,6.15651629391326e-05,4.3130221436435e-05,234,81443.0688210096,328740.978983502,34.1337254069613,137.779119439858,1.22785157101304e-05,-9.9854611246272,4.92565181908539,3.5302859104034
3,0.220817232277368,0.232394867124617,0.238316077800481,0.146220248980763,0.158039436554913,0.164225578546524,1,1.22785157101304e-05,3.69218393246315e-05,235,81672.0615752467,329653.313475909,34.2296988999357,138.16148930256,3.67322673401114e-05,-10.1302267302825,4.92842321332983,3.53309365612408
1,0.210221369091586,0.220817232277368,0.226606049700992,0.135712745581144,0.146220248980763,0.152129842767838,3,3.67322673401114e-05,2.45053915251209e-05,236,81901.7415497511,330568.374390969,34.325960414816,138.545001840305,1.22097525776366e-05,-10.5035092870251,4.93119519588603,3.53590193130094
0,0.200362565061034,0.210221369091586,0.215519300684477,0.126265987900218,0.135712745581144,0.140966497280954,1,1.22097525776366e-05,2.4471009958874e-05,237,82132.1109419965,331486.170487213,34.4225108725886,138.929660723895,0,-10.5047630458496,4.93396776709268,3.53871073619337
2,0.191958974881873,0.200362565061034,0.20529196707631,0.118532190100616,0.126265987900218,0.130989366740681,0,0,6.1048762888183e-06,238,82363.1719569249,332406.710553329,34.51935119737,139.315469636768,2.42826976242001e-05,-11.613909995028,4.9367409272887,3.54152007106091
1,0.204267777243908,0.191958974881873,0.196160769971453,0.133832792416855,0.118532190100616,0.122399089000417,2,2.42826976242001e-05,1.21413488121e-05,239,82594.926806973,333330.003408265,34.6164823164178,139.702432275048,1.21072811449671e-05,-11.1024102838972,4.9395146768132,3.54432993616322
2,0.224407132576135,0.204267777243908,0.19811337606289,0.156647275403671,0.133832792416855,0.126182491258735,1,1.21072811449671e-05,1.81949893845836e-05,240,82827.3777121,334256.05790135,34.7139051601425,140.09055234759,2.41466053283952e-05,-10.7648364490285,4.94228901600552,3.54714033176012
2,0.221473301602461,0.224407132576135,0.214337454910021,0.153937591819292,0.156647275403671,0.145240033910263,2,2.41466053283952e-05,1.81269432366812e-05,241,83060.526899814,335184.882912398,34.8116206621182,140.479833576026,2.40788263047303e-05,-10.7680620664707,4.9450639452052,3.54995125811155
1,0.211418511032355,0.221473301602461,0.222940217089298,0.143558708845153,0.153937591819292,0.155292433611481,2,2.40788263047303e-05,2.41127158165628e-05,242,83294.3766051992,336116.487351822,34.9096297590944,140.870279694812,1.20056123925367e-05,-10.5179230143424,4.94783946475198,3.55276271547762
0,0.202826455552034,0.211418511032355,0.216445906317408,0.13502526992852,0.143558708845153,0.148748150332222,1,1.20056123925367e-05,1.80422193486335e-05,243,83528.9290709433,337050.880160748,35.0079333910072,141.261894451277,0,-10.7720928622592,4.95061557498583,3.55557470411853
5,0.246207477298685,0.202826455552034,0.207122483292195,0.18300714811675,0.13502526992852,0.139291989386837,0,0,6.00280619626836e-06,244,83764.1865473648,337988.070311125,35.1065325009911,141.654681605668,5.96913813181094e-05,-11.6252658303917,4.95339227624691,3.55838722429464
2,0.274995606390121,0.246207477298685,0.22451696642536,0.214671402823611,0.18300714811675,0.159016209022635,5,5.96913813181094e-05,2.98456906590547e-05,245,84000.1512924405,338928.06680584,35.20542803539,142.048644931199,2.38094809262562e-05,-10.3256833044515,4.95616956887559,3.56120027626645
2,0.262341811026919,0.274995606390121,0.260601541844403,0.199857314881114,0.214671402823611,0.19883927547018,2,2.38094809262562e-05,4.17504311221828e-05,246,84236.825571833,339870.87867883,35.3046209437691,142.443788214095,2.37425851036433e-05,-10.0158721236318,4.95894745321245,3.56401386029459
0,0.252924826713187,0.262341811026919,0.26866870870852,0.188966703796434,0.199857314881114,0.207264358852362,2,2.37425851036433e-05,2.37760330149498e-05,247,84474.2116589185,340816.514995198,35.4041121789265,142.840115253645,0,-10.5304490607326,4.96172592959826,3.56682797663981
1,0.241485846231539,0.252924826713187,0.257633318870053,0.176200046539021,0.188966703796434,0.194412009338774,0,0,1.18712925518216e-05,248,84712.3118348143,341764.984851325,35.5039026969046,143.237629862249,1.18046595393355e-05,-11.1204857244535,4.96450499837402,3.56964262556302
0,0.231059516523406,0.241485846231539,0.247205336472363,0.164823734746547,0.176200046539021,0.182583375167727,1,1.18046595393355e-05,5.90232976966773e-06,249,84951.1283884068,342716.297374989,35.603993457002,143.636335865461,0,-11.6365717454218,4.96728465988089,3.57245780732524
1,0.219923974562224,0.231059516523406,0.236272681377472,0.15290138611484,0.164823734746547,0.170511890642784,0,0,5.90232976966773e-06,250,85190.6636163798,343670.461725474,35.7043854217853,144.036237102043,1.17383755161608e-05,-11.6365717454218,4.97006491446029,3.57527352218763
2,0.233985653110439,0.219923974562224,0.225491745542815,0.168794212756196,0.15290138611484,0.158862560430693,1,1.17383755161608e-05,5.86918775808038e-06,251,85430.919823242,344627.487093692,35.8050795571006,144.437337424012,2.34107276866272e-05,-11.6403291972973,4.97284576245378,3.57808977041148
0,0.243965267255481,0.233985653110439,0.226954813836332,0.179787262996938,0.168794212756196,0.160847799435518,2,2.34107276866272e-05,1.7574551601394e-05,252,85671.8993213555,345587.382702295,35.9060768320853,144.839640696687,0,-10.7946396503055,4.97562720420316,3.58090655225823
