"","id_case","id_biter","x_coord","y_coord","owned","date_symptoms","days_uncertain"
"1",6691,0,662013.798710358,9794126.51931798,TRUE,2011-10-11,0
"2",6705,0,670870.489221812,9787445.88793091,TRUE,2011-11-14,0
"3",7185,0,655354.3183277,9796039.72582473,TRUE,2011-07-19,0
"4",7382,0,669559.135698691,9830569.90911928,TRUE,2012-02-08,0
"5",7562,0,657691.753900233,9793272.71384442,TRUE,2012-08-11,0
"6",7753,0,658374.902710819,9826811.93014767,FALSE,2012-06-01,0
"7",8065,0,663283.523789134,9827466.79625188,TRUE,2013-01-15,7
"8",8074,0,685045.019766502,9779327.70628078,FALSE,2013-05-11,0
"9",8198,0,690781.440291963,9813925.9970054,FALSE,2013-05-22,0
"10",8926,0,668198.352335978,9831111.82318538,FALSE,2014-01-01,0
"11",8966,0,664788.948902321,9793189.00630341,FALSE,2014-03-04,0
"12",8991,0,674423.309938022,9796996.19970284,FALSE,2013-12-08,0
"13",9140,0,663680.131428672,9787122.54288367,FALSE,2013-11-04,0
"14",9240,0,668330.548068242,9813460.25426441,TRUE,2014-01-09,0
"15",9457,0,685240.646660386,9795026.86914907,TRUE,2011-02-15,14
"16",1072,0,654237.31411496,9788705.8205423,TRUE,2003-09-15,28
"17",3016,0,687418.428777297,9815364.05248643,FALSE,2007-01-28,0
"18",3116,0,666172.84800063,9794666.87926901,TRUE,2007-09-25,7
"19",3683,0,645660.322649167,9799628.84267378,FALSE,2008-05-25,7
"20",3911,0,672383.206704122,9787845.09676472,TRUE,2007-06-26,7
"21",3945,0,662226.486303843,9813877.40321888,TRUE,2007-11-25,7
"22",3949,0,662202.535369811,9813373.84209675,TRUE,2005-11-18,0
"23",3954,0,689285.200213448,9804452.97399542,FALSE,2008-11-27,0
"24",4109,0,682948.551304414,9786075.17487082,FALSE,2007-07-20,0
"25",4116,0,674051.894281456,9791318.25081118,TRUE,2008-03-06,0
"26",4182,0,661351.064008316,9817877.47578688,FALSE,2010-05-03,0
"27",4192,4194,674581.067137693,9803279.64059485,TRUE,2009-05-01,28
"28",4206,0,678171.559694236,9801988.66275534,TRUE,2010-05-01,28
"29",4402,0,661682.7396623,9797683.11967944,TRUE,2010-06-10,0
"30",5015,0,688041.868234498,9762829.09675135,FALSE,2010-05-30,0
"31",7920,0,673237.908423356,9817329.14136536,TRUE,2013-04-10,0
"32",9527,0,663260.038350963,9798842.70490747,FALSE,2014-08-15,0
"33",1956,0,661748.691204077,9791500.83630484,FALSE,2005-08-12,0
"34",1957,0,661382.01377671,9797025.98195883,FALSE,2002-08-15,28
"35",1960,0,702506.233265511,9798715.37197538,FALSE,2005-04-15,0
"36",3776,0,657439.984265623,9790000.34060425,FALSE,2008-07-15,0
"37",3783,0,687491.239375477,9819013.82242485,TRUE,2008-08-03,0
"38",5254,0,691111.048424989,9791269.17191752,TRUE,2011-04-15,7
"39",6183,0,665583.039634031,9820975.49486776,TRUE,2010-09-15,7
"40",6252,0,700903.788890444,9798143.46866416,FALSE,2011-02-03,0
"41",6434,0,685336.814104098,9788763.84234632,FALSE,2011-09-23,0
"42",6561,0,658129.720475124,9804979.30301074,FALSE,2011-06-15,7
"43",6569,0,657743.170849214,9804952.94894093,FALSE,2010-01-10,0
"44",6572,0,658720.045997708,9804279.52306291,FALSE,2010-10-15,7
"45",6595,0,678611.721269828,9782975.41996995,TRUE,2011-10-16,0
"46",6699,0,660872.69368159,9831445.88352859,TRUE,2011-10-26,0
"47",6820,0,653624.812379223,9791300.36915083,TRUE,2011-12-24,0
"48",6860,0,649144.294186288,9779512.59978598,TRUE,2011-12-05,0
"49",6876,0,694175.195468083,9806692.73163585,TRUE,2012-01-18,0
"50",7000,0,699741.823112867,9802774.47306824,TRUE,2012-02-05,7
"51",7371,0,666237.067470073,9827738.77887414,TRUE,2011-11-15,28
"52",7380,0,668388.116021746,9831851.08943536,FALSE,2010-02-23,0
"53",7542,0,695395.485871834,9788368.5993024,TRUE,2012-07-19,0
"54",7803,0,684962.526824974,9778444.46348191,FALSE,2012-09-15,7
"55",7864,0,648721.391949042,9779643.38302496,FALSE,2010-02-02,0
"56",7872,0,649396.620811101,9785459.28471157,FALSE,2012-08-18,0
"57",7906,0,655119.34240107,9810845.74037434,FALSE,2012-12-08,0
"58",8101,0,690937.036610876,9786266.09773925,FALSE,2013-04-25,7
"59",8105,0,691057.411953297,9785289.5547589,FALSE,2012-12-25,7
"60",8106,0,691713.899326467,9784867.0716779,FALSE,2013-04-25,7
"61",8182,0,649206.099332114,9814357.16077769,FALSE,2013-06-06,0
"62",8191,0,640687.775193688,9818994.82248621,FALSE,2013-05-07,0
"63",8301,0,667075.290533597,9811791.45296566,FALSE,2013-07-08,0
"64",8318,0,658538.796437838,9804638.23498695,TRUE,2013-05-02,0
"65",8360,0,699016.181431097,9793161.84857381,FALSE,2013-06-01,0
"66",8439,0,672967.603690348,9806660.23855392,FALSE,2013-02-19,0
"67",8468,0,673301.868791068,9806195.56121601,FALSE,2013-02-19,0
"68",8539,0,648325.165082007,9778369.44254172,FALSE,2013-08-14,0
"69",8909,0,657892.064126736,9809744.84658477,TRUE,2014-01-18,0
"70",8993,0,678642.779594942,9799613.58198131,FALSE,2014-05-20,0
"71",9002,0,687061.84504083,9761542.07863077,TRUE,2014-06-10,0
"72",9049,0,661464.657149858,9774952.48166361,FALSE,2013-03-03,0
"73",9051,0,661636.992196941,9775982.00323088,FALSE,2002-01-15,28
"74",9065,0,681979.888719911,9787688.81532491,FALSE,2013-09-14,0
"75",9097,0,661104.549826248,9810113.15872754,TRUE,2013-10-14,0
"76",9187,0,660334.485590303,9814638.47332508,TRUE,2013-02-05,0
"77",9280,0,695844.374306827,9791892.65744078,FALSE,2006-12-22,0
"78",9347,0,675740.437486571,9797940.4876992,FALSE,2013-12-08,0
"79",9423,0,677452.970173061,9807958.42302863,FALSE,2014-05-19,7
"80",10,0,700808.620535679,9801177.82195903,TRUE,2003-04-08,0
"81",1038,0,698585.079630903,9794478.58175654,FALSE,2003-06-15,28
"82",1040,0,670181.393044222,9795398.83890545,TRUE,2004-09-09,0
"83",1064,0,661349.505340497,9788193.2032304,FALSE,2003-06-14,0
"84",1066,0,662442.441427469,9786313.13898514,TRUE,2003-03-03,0
"85",1069,0,666520.812907775,9786711.54281566,FALSE,2002-03-31,0
"86",1097,0,651793.688767095,9778835.91873021,TRUE,2003-10-10,0
"87",1105,0,664303.067887698,9813246.52322201,FALSE,2003-11-05,7
"88",1171,0,647771.140477245,9796202.87356294,TRUE,2003-07-30,0
"89",118,0,698034.853229966,9792047.63372358,FALSE,2003-01-15,7
"90",1274,0,653959.999112188,9793590.07746561,TRUE,2004-05-13,0
"91",1295,0,658604.387810169,9809986.33557221,FALSE,2003-05-12,0
"92",1300,0,643102.76837692,9814781.46836817,TRUE,2004-05-07,0
"93",131,0,649973.95458043,9807333.67586735,FALSE,2003-05-07,0
"94",132,0,700352.395117272,9802128.82141629,TRUE,2003-07-20,0
"95",1341,0,686343.991967495,9803470.01838844,FALSE,2002-10-25,7
"96",1351,0,687760.569048245,9761776.94311358,TRUE,2004-06-05,0
"97",14,0,695598.829991193,9805668.61687218,FALSE,2002-02-04,0
"98",1404,0,653836.506766804,9784634.40877784,TRUE,2004-02-22,0
"99",153,0,699398.009665056,9793151.01677398,TRUE,2002-10-15,28
"100",1556,0,663885.263199348,9800354.83775005,TRUE,2003-12-20,0
"101",1563,0,651749.965002829,9799229.45183034,TRUE,2004-06-07,0
"102",1611,0,671797.561493267,9786086.60421816,TRUE,2005-02-05,7
"103",1612,0,677910.26684071,9821353.81274288,FALSE,2003-07-15,28
"104",1627,0,676638.755018305,9817961.90050259,TRUE,2004-10-15,28
"105",173,0,691641.07091535,9801535.14253282,TRUE,2003-01-01,0
"106",1799,0,677472.370397388,9806783.48210476,TRUE,2005-05-15,0
"107",180,0,643670.747978675,9811565.05248472,TRUE,2002-10-15,28
"108",183,0,649708.658769236,9824641.37225071,FALSE,2003-08-10,0
"109",1892,0,686296.852104145,9814613.7040503,TRUE,2005-08-09,0
"110",193,0,640113.24743863,9821107.10945086,TRUE,2003-01-26,0
"111",1930,0,680969.147065106,9815187.98091111,TRUE,2002-03-05,0
"112",196,0,639727.818565274,9821423.01284442,TRUE,2003-01-26,0
"113",1977,0,675322.23611892,9822450.14619868,FALSE,2002-05-14,0
"114",1980,0,670348.750931578,9830839.71300222,TRUE,2003-04-15,28
"115",1990,0,670238.359728864,9830956.52101731,TRUE,2005-04-15,28
"116",1995,0,662542.778325704,9830500.48186062,TRUE,2005-08-07,0
"117",200,0,641225.7931892,9819952.59411134,TRUE,2003-02-15,28
"118",2005,0,659915.19501805,9824245.32110331,FALSE,2005-08-05,7
"119",2012,0,646166.238096808,9817932.00464476,FALSE,2005-05-15,28
"120",2018,0,641540.893681685,9810228.03623864,FALSE,2005-06-22,0
"121",2063,0,642317.68622536,9799517.80228547,FALSE,2005-07-27,0
"122",212,0,643713.249470275,9811478.33435305,TRUE,2003-02-03,0
"123",2145,0,677650.801801717,9788617.68981802,TRUE,2005-11-15,28
"124",2153,0,675214.23196406,9813080.26251001,TRUE,2003-06-15,28
"125",2165,0,651531.695204626,9785128.97972668,TRUE,2005-01-10,0
"126",2175,0,649331.545890716,9779862.85760289,FALSE,2002-09-15,28
"127",2189,0,682010.18524484,9820043.9824667,FALSE,2006-01-22,0
"128",2190,0,703073.465103007,9800479.04168418,FALSE,2005-12-10,0
"129",2243,0,648715.88823836,9818710.15341619,TRUE,2002-08-15,28
"130",2244,0,647828.643716957,9821619.8167048,TRUE,2004-03-17,0
"131",2246,0,658806.845370588,9824499.6426185,FALSE,2005-08-05,7
"132",2258,0,671027.483514801,9792900.49187031,TRUE,2005-08-15,28
"133",2275,0,667349.774058815,9815253.443349,TRUE,2005-06-05,7
"134",231,0,700202.865701773,9795238.19799435,FALSE,2002-01-07,0
"135",234,0,697429.424593735,9794182.96841971,FALSE,2002-05-15,28
"136",2357,0,689739.697140577,9801179.19732227,TRUE,2006-03-30,0
"137",238,0,675604.089574932,9785390.99684756,TRUE,2003-09-03,0
"138",2383,0,680277.253316815,9787536.49270929,TRUE,2006-03-16,0
"139",2397,0,671150.587755286,9783619.6840916,TRUE,2006-04-24,0
"140",2421,0,690107.996043307,9812874.12372559,TRUE,2006-06-01,0
"141",2432,0,690525.808144619,9815192.94668448,TRUE,2004-04-17,0
"142",2438,0,683970.82705686,9797213.28170021,FALSE,2006-07-05,7
"143",2477,0,700846.664414601,9802816.21398943,FALSE,2006-05-23,0
"144",2530,0,670782.229734166,9819011.99497874,TRUE,2005-12-15,28
"145",2573,0,648970.782630712,9774152.40978571,FALSE,2006-11-13,0
"146",2618,0,685372.757785234,9796282.92292842,TRUE,2007-05-03,0
"147",2650,0,679609.598430727,9819893.25337506,FALSE,2002-08-15,28
"148",2809,0,663908.637463665,9827601.61140314,FALSE,2006-12-24,0
"149",2829,0,669296.264215542,9830734.93680758,TRUE,2007-01-26,0
"150",2998,0,669366.398849422,9794307.2372451,FALSE,2007-06-15,7
"151",3042,0,682658.51276157,9819862.58137875,TRUE,2006-07-28,0
"152",3072,0,658653.378021001,9789770.23533811,FALSE,2007-07-05,7
"153",31,0,672458.221069335,9790501.82656255,TRUE,2003-05-29,0
"154",3178,0,642903.04633918,9796709.58710676,TRUE,2007-02-15,28
"155",3179,0,643917.980918585,9798896.17857471,FALSE,2004-04-10,0
"156",3197,0,667852.904888405,9806676.8769765,TRUE,2006-11-25,7
"157",33,0,669018.30076238,9797498.31078199,TRUE,2003-06-20,0
"158",3449,0,661889.27411463,9813190.79212938,FALSE,2007-01-01,0
"159",3481,0,653675.788461241,9824254.9983242,FALSE,2008-01-05,7
"160",3494,0,641893.046253671,9822471.18495648,TRUE,2006-07-01,0
"161",3496,0,639123.16215,9821657.29160377,TRUE,2004-12-13,0
"162",3503,0,654622.141735284,9781926.35547768,TRUE,2006-04-03,0
"163",351,0,662871.559568658,9772163.32168367,FALSE,2003-09-23,0
"164",3553,0,668504.372656753,9780241.74960389,TRUE,2005-05-24,0
"165",3559,0,697945.9021128,9804351.08005151,FALSE,2008-01-16,0
"166",357,0,669393.851596762,9831913.3409493,FALSE,2002-04-15,28
"167",370,0,645234.850816809,9812240.7229401,TRUE,2003-12-03,0
"168",3780,0,700372.161451986,9793827.17083658,TRUE,2008-06-20,7
"169",3789,0,648203.880174849,9817556.53042764,FALSE,2006-10-25,7
"170",3790,0,667021.942008131,9831452.51171219,FALSE,2008-03-15,28
"171",3793,0,665251.130057889,9791688.55205929,TRUE,2008-06-03,0
"172",3796,0,648943.103650079,9813831.26316864,FALSE,2008-07-24,0
"173",3799,0,656986.83645648,9803711.99860339,TRUE,2008-08-02,0
"174",380,0,653724.87048815,9810340.49804013,TRUE,2003-11-15,7
"175",3826,0,645704.717603451,9781125.47605102,TRUE,2005-11-09,0
"176",3829,0,680114.241102801,9795112.36915161,TRUE,2008-05-15,0
"177",3842,0,686981.602406502,9760739.98402923,TRUE,2008-12-04,0
"178",3877,0,675567.080874004,9794882.73619773,TRUE,2008-11-25,0
"179",3885,0,663627.65513322,9799690.02654881,FALSE,2008-11-09,0
"180",3900,0,698182.195268074,9798333.07588285,FALSE,2007-03-29,0
"181",3905,0,694689.037179415,9795428.80214611,FALSE,2008-04-03,0
"182",3926,0,688001.774645948,9815627.09094869,TRUE,2008-08-15,28
"183",3927,0,692142.91994582,9810932.36317091,TRUE,2008-12-03,0
"184",3928,0,691693.702809336,9811767.62694937,TRUE,2008-12-03,0
"185",3934,0,666495.506499858,9808164.85720187,FALSE,2005-05-15,28
"186",3948,0,661783.19635688,9814008.9129471,FALSE,2006-06-15,7
"187",3964,0,695571.98404259,9801215.97133536,FALSE,2009-03-05,0
"188",3976,0,689657.613823281,9816510.7607139,FALSE,2009-03-04,0
"189",3997,0,695448.38350804,9791708.7027259,TRUE,2009-07-08,0
"190",401,0,658012.621267343,9804570.63873884,TRUE,2003-08-15,28
"191",4010,0,665014.82170616,9776150.20635555,TRUE,2009-09-12,0
"192",4026,0,680317.542556764,9806687.16973147,FALSE,2009-04-21,0
"193",4043,0,668643.771346662,9820389.12566846,FALSE,2005-06-05,7
"194",4064,0,661878.193474153,9827967.79585784,FALSE,2009-04-15,7
"195",4068,0,650597.422260481,9822288.00834713,TRUE,2006-02-25,7
"196",4086,0,667016.260960298,9810084.7752881,TRUE,2009-01-25,7
"197",4088,0,652999.82663711,9819336.07701128,TRUE,2003-09-15,28
"198",4093,0,682423.16624697,9802593.4292252,TRUE,2008-11-25,7
"199",4125,0,649495.692803903,9778687.92262453,FALSE,2010-02-02,0
"200",4127,0,649055.889795201,9779335.0491634,TRUE,2009-10-17,0
"201",4128,0,650451.096091264,9780495.376741,FALSE,2007-02-07,0
"202",4139,0,638590.992702478,9811741.27604114,FALSE,2009-11-25,7
"203",4151,0,699584.691081072,9803746.22988974,FALSE,2010-01-30,0
"204",4158,0,675804.81719779,9788487.0463951,FALSE,2006-09-12,0
"205",4168,0,649497.588745918,9817806.0846474,TRUE,2009-11-15,28
"206",4169,0,643015.938706717,9820640.97963703,FALSE,2009-05-15,7
"207",4173,0,643362.289371934,9819641.85453039,FALSE,2009-11-05,7
"208",4190,0,674877.222013825,9802398.18493951,TRUE,2008-12-15,28
"209",4211,0,669937.234211492,9812264.10253789,TRUE,2008-06-15,7
"210",4214,0,659907.885214814,9813923.19770539,FALSE,2010-05-03,0
"211",4221,0,663938.554213567,9815053.40999152,FALSE,2008-05-15,28
"212",4231,0,666815.021330611,9812620.7203718,FALSE,2009-09-12,7
"213",4237,0,662506.45222287,9806418.28715661,TRUE,2009-01-25,7
"214",4248,0,641725.174503104,9805982.78426131,FALSE,2009-07-10,0
"215",4282,0,657811.340705729,9823430.39714334,FALSE,2008-11-15,28
"216",4283,0,644661.263113527,9811952.17063144,TRUE,2010-05-07,0
"217",4285,0,656265.127123089,9823643.86597068,FALSE,2002-12-15,28
"218",4343,0,667536.625226501,9781501.71358471,FALSE,2010-04-25,7
"219",4367,0,667497.569199779,9794104.10162085,TRUE,2010-08-05,0
"220",4607,0,675740.622413763,9818476.16626039,FALSE,2010-03-15,7
"221",4610,0,675823.675272357,9818302.30658985,FALSE,2010-08-05,7
"222",4634,0,676365.539900055,9819057.56246633,FALSE,2009-06-15,7
"223",4681,0,675926.348016753,9787067.83940164,TRUE,2010-10-28,0
"224",4708,0,653254.132077174,9825647.99744136,FALSE,2009-11-02,0
"225",4823,0,641089.772641715,9810983.85485608,FALSE,2010-08-03,7
"226",483,0,680511.75909917,9797042.16334923,TRUE,2003-08-15,28
"227",5018,0,665996.923512679,9777118.5125283,FALSE,2011-02-17,0
"228",5172,0,651493.393937111,9819735.41388918,TRUE,2010-05-21,0
"229",5609,0,654601.09614294,9793164.71725192,FALSE,2011-03-05,7
"230",5740,0,685791.421554618,9810166.43108377,TRUE,2011-03-15,28
"231",5746,0,691386.493207596,9814043.77093953,FALSE,2011-03-11,0
"232",5832,0,695388.550680808,9803213.05736999,TRUE,2011-03-11,0
"233",5833,0,695479.004959321,9802484.81879995,TRUE,2011-03-11,0
"234",6103,0,696478.566835628,9791373.35568096,TRUE,2011-04-05,7
"235",6147,0,637879.092247939,9802680.64924267,FALSE,2010-12-09,0
"236",6151,0,657937.208256097,9825065.70373096,TRUE,2010-05-15,7
"237",6697,0,670881.131016251,9830568.05383626,TRUE,2011-10-15,7
"238",7285,0,680130.699696756,9782903.47298026,FALSE,2012-04-15,0
"239",8583,0,670856.438382552,9795547.30465751,FALSE,2013-09-03,0
"240",881,0,662169.522886366,9775364.18356545,FALSE,2004-07-21,0
"241",923,0,668807.344132615,9829725.57252881,TRUE,2002-12-17,0
"242",928,0,660775.819329302,9788681.89569203,FALSE,2002-03-31,0
"243",9294,0,694574.510501417,9805391.10022258,FALSE,2006-10-28,0
"244",9296,0,696264.386509264,9805150.1689524,FALSE,2007-03-24,0
"245",9471,0,642943.964338032,9811364.3543441,TRUE,2014-05-26,0
"246",9485,0,655425.54706119,9791152.7138578,FALSE,2014-03-20,0
"247",9502,0,702720.026325128,9799663.55320187,FALSE,2014-06-16,0
"248",9551,0,677410.488645197,9807021.9780205,TRUE,2014-09-05,7
"249",9555,0,661230.552460226,9819466.17488146,FALSE,2014-10-01,0
"250",10103,0,686733.457669412,9760655.34198346,FALSE,2014-12-30,0
"251",10114,0,697950.204923338,9792469.94403875,TRUE,2015-05-03,0
"252",10126,0,684994.460861289,9793283.45026058,TRUE,2015-05-25,0
"253",10169,0,683787.086966083,9781629.92906898,FALSE,2015-04-29,0
"254",10179,0,651875.386096327,9822224.3661654,FALSE,2015-01-11,0
"255",10271,0,652202.176105478,9824802.11892266,FALSE,2015-09-11,7
"256",10268,0,671232.451768857,9811573.50211788,FALSE,2015-11-02,7
"257",10316,0,681877.984837923,9805637.02094257,TRUE,2015-07-28,0
"258",10331,0,680818.233827721,9808747.8228949,TRUE,2016-02-11,0
"259",10411,0,699870.9514255,9801261.80432462,FALSE,2016-03-17,7
"260",10420,0,692192.78110831,9803504.70508698,FALSE,2016-01-09,7
"261",10497,0,671475.522817031,9795297.34658683,TRUE,2016-05-03,0
"262",10524,0,659873.45668538,9779257.15612696,TRUE,2016-05-21,0
"263",10510,0,668344.251831275,9791228.69077443,FALSE,2015-12-20,7
"264",10444,0,690266.205737826,9815042.8084417,FALSE,2015-11-13,7
"265",10617,0,663195.256073549,9831391.42671546,FALSE,2016-05-27,7
"266",10583,0,662189.438496131,9822998.89149814,TRUE,2016-06-25,0
"267",10687,0,681731.561524307,9789892.90022356,FALSE,2016-06-13,7
"268",10685,0,679979.165896235,9787085.25090162,FALSE,2015-08-07,7
"269",10699,0,678101.151293298,9797648.23974816,TRUE,2015-08-15,7
"270",10721,0,683516.779361961,9812581.06397,FALSE,2016-08-18,7
"271",10758,0,673290.875442235,9823599.08084311,FALSE,2014-07-16,7
"272",10717,0,695279.010096776,9809524.48064364,FALSE,2016-09-23,7
"273",10785,0,672238.953601404,9811779.29838635,FALSE,2016-07-17,0
"274",10786,0,675970.628454168,9787184.3797075,TRUE,2016-11-21,0
"275",10806,0,666431.726677589,9828011.74377181,TRUE,2003-09-28,7
"276",10821,0,689035.512857491,9817472.35123111,TRUE,2010-03-16,7
"277",224,0,687529.905417345,9815403.57530498,TRUE,2003-08-19,7
"278",10817,0,683779.207153244,9815171.57772006,FALSE,2014-03-13,0
"279",10896,0,699852.693007616,9801235.12745144,FALSE,2017-03-18,7
"280",10890,0,695135.195796868,9807114.55795613,FALSE,2017-06-02,7
"281",10848,0,673900.157956821,9812852.18389428,FALSE,2017-06-19,7
"282",10859,0,681087.356590285,9814295.24373655,FALSE,2017-04-03,7
"283",10882,0,681812.99213298,9811298.8104506,FALSE,2016-08-18,7
"284",10888,0,691031.629425591,9800211.64853012,TRUE,2017-03-17,0
"285",10880,0,674639.262541331,9804610.69503942,FALSE,2016-12-30,7
"286",10901,0,701440.719660408,9793085.27150907,TRUE,2017-04-26,0
"287",10921,0,660365.999672367,9813844.8261333,FALSE,2016-12-26,7
"288",10906,0,654156.28109783,9821340.89805502,FALSE,2017-04-08,7
"289",10909,0,654416.240561572,9819634.82994306,FALSE,2016-11-15,7
"290",10917,0,652146.143687643,9799813.47761967,FALSE,2016-10-06,7
"291",10937,0,680147.658889974,9798652.59840746,FALSE,2013-01-17,7
"292",10938,0,690183.705054703,9814929.40381638,FALSE,2002-10-22,7
"293",10941,0,662124.458821156,9813134.63913382,FALSE,2017-09-08,7
"294",10946,0,660160.909535447,9775998.81713193,FALSE,2012-02-04,7
"295",10958,0,667162.410821076,9777648.40879154,TRUE,2014-01-26,7
"296",10975,0,650961.58591335,9819187.74839606,FALSE,2017-12-17,7
"297",10981,0,668036.612868227,9811352.04484199,TRUE,2017-09-16,0
"298",10985,0,699991.082139893,9803083.19219816,FALSE,2017-12-16,7
"299",10983,0,679487.351400192,9805697.74520166,FALSE,2017-08-30,7
"300",10984,0,679889.070809165,9807406.57891934,FALSE,2018-02-05,7
"301",10978,0,678994.742647404,9812449.63014563,TRUE,2017-10-02,0
"302",10973,0,652334.941151197,9814034.74502152,TRUE,2018-03-11,7
"303",11015,0,691114.66388593,9815036.73462146,TRUE,2017-09-08,0
"304",11038,0,667766.725240071,9798761.52864113,FALSE,2018-09-23,7
"305",11042,0,678917.435170074,9807297.89632232,TRUE,2019-02-16,0
"306",11043,0,651555.275717893,9820019.06704883,TRUE,2019-02-12,0
"307",11044,0,699655.791266347,9802876.49948852,FALSE,2019-01-29,7
"308",11075,0,641832.656731795,9818638.7588784,TRUE,2019-04-12,7
"309",11077,0,660567.461774184,9830691.43452284,TRUE,2019-05-03,0
"310",11089,0,684436.898041919,9797180.34973464,FALSE,2019-03-22,7
"311",11092,0,675015.713193357,9807981.75787185,TRUE,2019-11-19,0
"312",11093,0,655818.289437871,9826341.53873664,FALSE,2019-09-28,0
"313",11096,0,699720.571005643,9793277.95049474,FALSE,2019-12-18,7
"314",11094,0,660652.188800486,9831666.43451524,FALSE,2019-10-15,14
"315",11097,0,665787.950504925,9807835.03147127,FALSE,2019-06-09,7
"316",11102,0,678839.982232984,9819956.72446928,TRUE,2009-02-01,0
"317",11104,0,687237.366587902,9762341.40229092,FALSE,2017-10-21,7
"318",11111,0,661599.235062498,9829476.82356681,FALSE,2020-04-07,7
"319",11115,0,683760.252524662,9796828.42656494,FALSE,2013-07-20,7
"320",11121,0,698096.904712056,9804981.7993449,FALSE,2020-05-28,7
"321",11123,0,666800.453084606,9808336.26309232,FALSE,2020-05-31,7
"322",11120,0,686833.549925656,9789368.83452452,FALSE,2020-05-18,7
"323",11129,0,684506.380292033,9800214.63828556,FALSE,2010-04-17,7
"324",11130,0,685881.311150095,9799064.07729884,FALSE,2018-02-15,7
"325",11147,0,679755.848670428,9807354.1214521,FALSE,2019-05-31,7
"326",11301,0,649180.172232585,9779384.6228699,FALSE,2011-02-08,7
"327",11305,0,649500.488082823,9779191.92529868,FALSE,2014-08-10,14
"328",11311,0,661728.45702678,9775965.85500224,FALSE,2012-02-04,7
"329",11154,0,648382.912045204,9822581.82587865,TRUE,2017-06-15,7
"330",11160,0,647948.37711776,9813502.51092816,FALSE,2019-05-27,7
"331",11319,0,652197.400176054,9782278.34401408,FALSE,2011-08-08,7
"332",11312,0,638636.770619913,9805433.9173073,FALSE,2007-09-24,7
"333",11316,0,645501.906038208,9807033.27894903,FALSE,2016-07-02,7
"334",11317,0,644887.569059024,9804907.69750777,FALSE,2017-10-05,7
"335",11318,0,645294.562313041,9803095.20212387,TRUE,2018-10-31,28
"336",11320,0,650178.362678447,9806411.89978024,TRUE,2007-02-21,28
"337",11322,0,643905.982464303,9797163.82192948,FALSE,2013-10-29,28
"338",11325,0,652197.678025533,9799345.54870998,TRUE,2020-05-29,28
"339",11324,0,649922.087136073,9802240.84949648,FALSE,2011-03-10,14
"340",11168,0,685860.350196832,9793381.18800335,FALSE,2007-09-04,7
"341",11167,0,685035.918678846,9793346.96428772,FALSE,2019-09-15,7
"342",11172,0,680880.11394488,9797511.68122731,FALSE,2017-10-18,7
"343",11328,0,653342.706844824,9801686.74872508,FALSE,2020-01-12,14
"344",11327,0,653312.815353091,9803751.1630058,FALSE,2005-12-19,28
"345",11332,0,657078.398407034,9803779.02389556,FALSE,2014-08-03,7
"346",11334,0,666485.673645772,9777926.06443199,FALSE,2014-01-26,28
"347",11175,0,702644.4332458,9794680.62630995,FALSE,2020-07-29,7
"348",11184,0,666045.964856724,9769549.25881453,FALSE,2010-01-06,7
"349",11217,0,681953.820528616,9781079.07322182,FALSE,2016-09-01,7
"350",11192,0,682255.322055557,9769090.66399923,FALSE,2016-10-23,7
"351",11218,0,700342.531783862,9800073.51320797,FALSE,2020-11-30,7
"352",11219,0,701468.023959926,9800195.9607332,FALSE,2020-11-30,7
"353",11223,0,655327.671445539,9822988.65049191,FALSE,2020-12-15,7
"354",11404,0,677652.004535012,9810320.35698699,FALSE,2020-11-02,7
"355",11408,0,645356.481488753,9821402.54894413,FALSE,2020-10-27,0
"356",11415,0,646314.873941837,9797581.28375345,TRUE,2020-11-15,14
"357",11434,0,672806.767702192,9790776.80342821,TRUE,2012-05-21,28
"358",11440,0,669483.81867325,9788591.76333449,FALSE,2005-11-29,28
"359",11561,0,697429.055007494,9790775.11907165,FALSE,2022-01-29,7
"360",11525,0,667772.749094167,9792479.66409739,FALSE,2021-11-15,7
"361",11563,0,699433.568243573,9801990.22534222,FALSE,2021-12-19,7
"362",11444,0,697828.706603675,9805517.17034096,TRUE,2021-05-16,0
"363",11470,0,649478.461404725,9784840.3595731,TRUE,2021-05-02,0
"364",11473,11472,683300.609379379,9783003.11520139,TRUE,2021-05-10,0
"365",11476,0,652797.796711836,9824080.02973851,FALSE,2021-06-08,7
"366",11484,0,661447.909116343,9823008.04572397,TRUE,2021-05-31,7
"367",11486,0,677504.367525698,9792122.21120605,FALSE,2002-12-26,7
"368",11494,0,650660.778182831,9807366.33554523,FALSE,2021-07-22,7
"369",11497,0,686332.26400342,9796746.58360159,FALSE,2020-09-30,7
"370",11501,0,651564.772266019,9803163.34500608,FALSE,2021-07-22,7
"371",11500,0,647492.531011105,9801779.77202634,FALSE,2021-02-10,0
"372",11513,0,680845.341967258,9798800.48254254,FALSE,2021-10-23,0
"373",11521,0,700717.365146906,9792665.4021098,FALSE,2021-10-27,0
"374",11524,0,646089.760117832,9797789.45799051,FALSE,2021-10-07,7
"375",11575,0,652676.60399106,9772795.49281059,FALSE,2019-10-28,7
"376",11474,0,685973.767683832,9797101.67794083,FALSE,2020-06-11,0
"377",11576,0,655794.7290683,9800767.40137177,TRUE,2022-04-07,0
"378",11800,0,668494.440943437,9793217.61152437,FALSE,2022-04-26,7
"379",11804,0,682828.969071528,9789974.88068259,FALSE,2022-04-09,7
"380",11811,0,679852.999590855,9797898.69174603,TRUE,2022-05-02,0
"381",11827,0,657492.465328984,9809164.98845325,TRUE,2022-06-03,7
"382",11830,0,694382.374965404,9809235.5460979,FALSE,2022-08-07,7
"383",11845,0,656071.649540885,9826946.58735145,FALSE,2022-02-08,7
"384",11849,0,697947.471438667,9794536.17035912,FALSE,2022-10-22,7
"385",11890,0,659229.607508834,9830179.66920904,FALSE,2022-11-23,7
